"ACTIONTERMID","TERMTYPE","VAL","VISIBLENAME"
"AT0001","EQ_ANY_ITEM","HEAD","頭装備"
"AT0002","NO_EQ_ANY_ITEM","HEAD","頭未装備"
"AT0003","EQ_ANY_ITEM","BODY","胴装備"
"AT0004","NO_EQ_ANY_ITEM","BODY","胴未装備"
"AT0005","EQ_ANY_ITEM","ARM","武器装備"
"AT0006","NO_EQ_ANY_ITEM","ARM","武器未装備"
"AT0007","EQ_ANY_ITEM","FOOT","足装備"
"AT0008","NO_EQ_ANY_ITEM","FOOT","足未装備"
"AT0009","EQ_ANY_ITEM","OTHER","装飾品装備"
"AT0010","NO_EQ_ANY_ITEM","OTHER","装飾品未装備"
"AT0011","EQ_WEAPON_TYPE","WT0001","剣装備"
"AT0012","EQ_WEAPON_TYPE","WT0002","短剣 装備"
"AT0013","EQ_WEAPON_TYPE","WT0003","大剣 装備"
"AT0014","EQ_WEAPON_TYPE","WT0004","突剣 装備"
"AT0015","EQ_WEAPON_TYPE","WT0005","刀装備"
"AT0016","EQ_WEAPON_TYPE","WT0006","槍装備"
"AT0017","EQ_WEAPON_TYPE","WT0007","大盾 装備"
"AT0018","EQ_WEAPON_TYPE","WT0008","メイス 装備"
"AT0019","EQ_WEAPON_TYPE","WT0009","弓装備"
"AT0020","EQ_WEAPON_TYPE","WT0010","弩装備"
"AT0021","EQ_WEAPON_TYPE","WT0011","銃装備"
"AT0022","EQ_WEAPON_TYPE","WT0012","鞭装備"
"AT0023","EQ_WEAPON_TYPE","WT0013","杖装備"
"AT0024","EQ_WEAPON_TYPE","WT0014","フレイル装備"
"AT0025","EQ_WEAPON_TYPE","WT0015","鎌装備"
"AT0026","EQ_ITEM_NAME_CONTAINS","銃剣付き","銃剣付き"
"AT0027","EQ_ITEM_NAME_CONTAINS","毒矢付き","毒矢付き"
"AT0028","STATUS_IS","CAN_MAGIC,1","魔術使用可能"
"AT0029","STATUS_IS","EQIP_ATTR,0","装備属性０"
"AT0030","STATUS_IS","EQIP_ATTR,1","装備属性１"
"AT0031","STATUS_IS","EQIP_ATTR,2","装備属性２"
"AT0032","STATUS_IS","EQIP_ATTR,3","装備属性３"
"AT0033","STATUS_IS","EQIP_ATTR,4","装備属性４"
"AT0034","STATUS_IS","EQIP_ATTR,5","装備属性５"
"AT0035","STATUS_IS","EQIP_ATTR,6","装備属性６"
"AT0036","STATUS_IS","EQIP_ATTR,7","装備属性７"
"AT0037","HAS_BOOK","BK0034","魔術書：体力回復 所持"
"AT0038","HAS_BOOK","BK0035","魔術書：効果範囲全体回復 所持"
"AT0039","HAS_BOOK","BK0036","魔術書：毒治療 所持"
"AT0040","HAS_BOOK","BK0037","魔術書：気絶治療 所持"
"AT0041","HAS_BOOK","BK0038","魔術書：体力回復強 所持"
"AT0042","HAS_BOOK","BK0039","魔術書：効果範囲全体回復強 所持"
"AT0043","HAS_BOOK","BK0040","魔術書：単体リジェネ弱 所持"
"AT0044","HAS_BOOK","BK0041","魔術書：効果範囲全体リジェネ弱 所持"
"AT0045","HAS_BOOK","BK0042","魔術書：木化治療 所持"
"AT0046","HAS_BOOK","BK0043","魔術書：狂気の治療 所持"
"AT0047","HAS_BOOK","BK0044","魔術書：混乱治療 所持"
"AT0048","HAS_BOOK","BK0045","魔術書：昏睡 所持"
"AT0049","HAS_BOOK","BK0046","魔術書：狂乱の王子 所持"
"AT0050","HAS_BOOK","BK0047","魔術書：精神破壊 所持"
"AT0051","HAS_BOOK","BK0048","魔術書：精神摩耗 所持"
"AT0052","HAS_BOOK","BK0049","魔術書：肉体からの解放 所持"
"AT0053","HAS_BOOK","BK0050","魔術書：蘇生 所持"
"AT0054","HAS_BOOK","BK0051","魔術書：消滅治療 所持"
"AT0055","HAS_BOOK","BK0052","魔術書：単体リジェネ強 所持"
"AT0056","HAS_BOOK","BK0053","魔術書：効果範囲全体リジェネ強 所持"
"AT0057","HAS_BOOK","BK0054","魔術書：狂乱治療 所持"
"AT0058","HAS_BOOK","BK0055","魔術書：発狂治療 所持"
"AT0059","HAS_BOOK","BK0056","魔術書：レギオ・フィルミナンテ 所持"
"AT0060","HAS_BOOK","BK0057","魔術書：神の裁き 所持"
"AT0061","HAS_BOOK","BK0058","魔術書：完全回復 所持"
"AT0062","HAS_BOOK","BK0059","魔術書：錬金物質生成 所持"
"AT0063","HAS_BOOK","BK0060","魔術書：錬金反応炉 所持"
"AT0064","HAS_BOOK","BK0061","魔術書：黄金化治療 所持"
"AT0065","HAS_BOOK","BK0062","魔術書：軟化 所持"
"AT0066","HAS_BOOK","BK0063","魔術書：硬化 所持"
"AT0067","HAS_BOOK","BK0064","魔術書：状態異常回復１ 所持"
"AT0068","HAS_BOOK","BK0065","魔術書：黄金への誘い 所持"
"AT0069","HAS_BOOK","BK0066","魔術書：状態異常回復２ 所持"
"AT0070","HAS_BOOK","BK0067","魔術書：筋力増強 所持"
"AT0071","HAS_BOOK","BK0068","魔術書：精神力増強 所持"
"AT0072","HAS_BOOK","BK0069","魔術書：錬金浸食 所持"
"AT0073","HAS_BOOK","BK0070","魔術書：破壊光線（中） 所持"
"AT0074","HAS_BOOK","BK0071","魔術書：正気度回復 所持"
"AT0075","HAS_BOOK","BK0072","魔術書：正気度損失 所持"
"AT0076","HAS_BOOK","BK0073","魔術書：正気度増強 所持"
"AT0077","HAS_BOOK","BK0074","魔術書：魔力回復 所持"
"AT0078","HAS_BOOK","BK0075","魔術書：魔力増強 所持"
"AT0079","HAS_BOOK","BK0076","魔術書：体力増強 所持"
"AT0080","HAS_BOOK","BK0077","魔術書：破壊光線（弱） 所持"
"AT0081","HAS_BOOK","BK0078","魔術書：破壊光線（強） 所持"
"AT0082","HAS_BOOK","BK0079","魔術書：破壊光線（伝説） 所持"
"AT0083","HAS_BOOK","BK0080","魔術書：送風 所持"
"AT0084","HAS_BOOK","BK0081","魔術書：強風 所持"
"AT0085","HAS_BOOK","BK0082","魔術書：嵐 所持"
"AT0086","HAS_BOOK","BK0083","魔術書：ストームコール 所持"
"AT0087","HAS_BOOK","BK0084","魔術書：風切羽 所持"
"AT0088","HAS_BOOK","BK0085","魔術書：電撃 所持"
"AT0089","HAS_BOOK","BK0086","魔術書：向かい風 所持"
"AT0090","HAS_BOOK","BK0087","魔術書：追い風 所持"
"AT0091","HAS_BOOK","BK0088","魔術書：凪風 所持"
"AT0092","HAS_BOOK","BK0089","魔術書：かまいたち 所持"
"AT0093","HAS_BOOK","BK0090","魔術書：風刃 所持"
"AT0094","HAS_BOOK","BK0091","魔術書：衝撃波 所持"
"AT0095","HAS_BOOK","BK0092","魔術書：内臓破裂 所持"
"AT0096","HAS_BOOK","BK0093","魔術書：陣風 所持"
"AT0097","HAS_BOOK","BK0094","魔術書：木枯 所持"
"AT0098","HAS_BOOK","BK0095","魔術書：真空波 所持"
"AT0099","HAS_BOOK","BK0096","魔術書：真空抹殺 所持"
"AT0100","HAS_BOOK","BK0097","魔術書：空圧圧縮 所持"
"AT0101","HAS_BOOK","BK0098","魔術書：雷 所持"
"AT0102","HAS_BOOK","BK0099","魔術書：火炎 所持"
"AT0103","HAS_BOOK","BK0100","魔術書：ファイアボルト 所持"
"AT0104","HAS_BOOK","BK0101","魔術書：ファイアブレス 所持"
"AT0105","HAS_BOOK","BK0102","魔術書：篝火 所持"
"AT0106","HAS_BOOK","BK0103","魔術書：炎上治療 所持"
"AT0107","HAS_BOOK","BK0104","魔術書：灯台 所持"
"AT0108","HAS_BOOK","BK0105","魔術書：炎熱作用 所持"
"AT0109","HAS_BOOK","BK0106","魔術書：熱光線 所持"
"AT0110","HAS_BOOK","BK0107","魔術書：ウォーターフォール 所持"
"AT0111","HAS_BOOK","BK0108","魔術書：降雨 所持"
"AT0112","HAS_BOOK","BK0109","魔術書：電撃散布 所持"
"AT0113","HAS_BOOK","BK0110","魔術書：霊峰の指 所持"
"AT0114","HAS_BOOK","BK0111","魔術書：天地雷鳴 所持"
"AT0115","HAS_BOOK","BK0112","魔術書：雷鳴八卦 所持"
"AT0116","HAS_BOOK","BK0113","魔術書：メモリチェック 所持"
"AT0117","HAS_BOOK","BK0114","魔術書：クラッシュ 所持"
"AT0118","HAS_BOOK","BK0115","魔術書：ゲームオーバー 所持"
"AT0119","HAS_BOOK","BK0116","魔術書：戦闘からの離脱 所持"
"AT0120","HAS_BOOK","BK0117","魔術書：エンカウントカウンタリセット 所持"
"AT0121","HAS_BOOK","BK0118","魔術書：エンカウントカウンタ+128 所持"
"AT0122","HAS_BOOK","BK0119","魔術書：デバッグモードON 所持"
"AT0123","HAS_BOOK","BK0120","魔術書：デバッグモードOFF 所持"
"AT0124","HAS_BOOK","BK0121","魔術書：condition同期ずれチェック 所持"
"AT0125","HAS_BOOK","BK0122","魔術書：全員完全回復 所持"
"AT0127","HAS_BOOK","BK0124","魔術書：サウンド破棄 所持"
"AT0128","HAS_BOOK","BK0125","魔術書：ホットティー召喚 所持"
"AT0129","HAS_BOOK","BK0126","魔術書：木化 所持"
"AT0130","HAS_BOOK","BK0127","魔術書：地震 所持"
"AT0131","HAS_BOOK","BK0128","魔術書：大地の怒り 所持"
"AT0132","HAS_BOOK","BK0129","魔術書：地割れ 所持"
"AT0133","HAS_BOOK","BK0130","魔術書：岸壁直撃 所持"
"AT0134","HAS_BOOK","BK0131","魔術書：岩塊 所持"
"AT0135","HAS_BOOK","BK0132","魔術書：隕石 所持"
"AT0136","HAS_BOOK","BK0133","魔術書：巨岩 所持"
"AT0137","HAS_BOOK","BK0134","魔術書：冷風 所持"
"AT0138","HAS_BOOK","BK0135","魔術書：涼風 所持"
"AT0139","HAS_BOOK","BK0136","魔術書：雹嵐 所持"
"AT0140","HAS_BOOK","BK0137","魔術書：氷のつぶて 所持"
"AT0141","HAS_BOOK","BK0138","魔術書：吹雪 所持"
"AT0142","HAS_BOOK","BK0139","魔術書：冷凍ビーム 所持"
"AT0143","HAS_BOOK","BK0140","魔術書：じょうろ 所持"
"AT0144","HAS_BOOK","BK0141","魔術書：滝行 所持"
"AT0145","HAS_BOOK","BK0142","魔術書：叢雲 所持"
"AT0146","HAS_BOOK","BK0143","魔術書：ブラックホール 所持"
"AT0147","HAS_BOOK","BK0144","魔術書：絶滅の光 所持"
"AT0148","HAS_BOOK","BK0145","魔術書：絞首台への階段 所持"
"AT0149","HAS_BOOK","BK0146","魔術書：滅殺 所持"
"AT0150","HAS_BOOK","BK0147","魔術書：魔防壁 所持"
"AT0151","HAS_BOOK","BK0148","魔術書：城壁 所持"
"AT0152","HAS_BOOK","BK0149","魔術書：魔術回避 所持"
"AT0153","HAS_BOOK","BK0150","魔術書：GC 所持"
"AT0154","HAS_BOOK","BK0151","魔術書：フォトン 所持"
"AT0155","HAS_BOOK","BK0152","魔術書：クアンタム・ハーモナイザー 所持"
"AT0156","HAS_BOOK","BK0153","魔術書：対者の破棄 所持"
"AT0157","HAS_BOOK","BK0154","魔術書：神経操作 所持"
"AT0158","HAS_BOOK","BK0155","魔術書：ザ・ツナミ 所持"
"AT0159","HAS_BOOK","BK0156","魔術書：防波堤 所持"
"AT0160","HAS_BOOK","BK0157","魔術書：神の守り 所持"
"AT0161","HAS_BOOK","BK0158","魔術書：運命への介入 所持"
"AT0162","HAS_BOOK","BK0159","魔術書：縫合 所持"
"AT0163","HAS_BOOK","BK0160","魔術書：あなた司祭なの？ 所持"
"AT0164","HAS_BOOK","BK0161","魔術書：死んでくれる？ 所持"
"AT0165","HAS_BOOK","BK0162","魔術書：メギドラオォン（アォン） 所持"
"AT0166","HAS_BOOK","BK0163","魔術書：風化 所持"
"AT0167","HAS_BOOK","BK0164","魔術書：天罰 所持"
"AT0168","HAS_BOOK","BK0165","魔術書：天照 所持"
"AT0169","HAS_BOOK","BK0166","魔術書：Jの炎のマント 所持"
"AT0170","HAS_BOOK","BK0167","魔術書：手の込んだ自殺 所持"
"AT0171","HAS_BOOK","BK0168","魔術書：背水の陣 所持"
"AT0172","HAS_BOOK","BK0169","魔術書：火蛇 所持"
"AT0173","HAS_BOOK","BK0170","魔術書：力王 所持"
"AT0174","HAS_BOOK","BK0171","魔術書：魔封陣 所持"
"AT0175","HAS_BOOK","BK0172","魔術書：魔力の矢 所持"
"AT0176","HAS_BOOK","BK0173","魔術書：雷衣 所持"
"AT0177","HAS_BOOK","BK0174","魔術書：マッハ１１１ 所持"
"AT0178","HAS_BOOK","BK0175","魔術書：精神注入棒 所持"
"AT0179","HAS_BOOK","BK0176","魔術書：フジヤマ 所持"
"AT0180","HAS_BOOK","BK0177","魔術書：カミカゼ 所持"
"AT0181","HAS_BOOK","BK0178","魔術書：残像剣 所持"
"AT0182","HAS_BOOK","BK0179","魔術書：雷神ハンマー 所持"
"AT0183","HAS_BOOK","BK0180","魔術書：粘着地面 所持"
"AT0184","HAS_BOOK","BK0181","魔術書：151/15 所持"
"AT0185","HAS_BOOK","BK0182","魔術書：人格モードのリセット 所持"
"AT0186","HAS_BOOK","BK0183","魔術書：奇跡 所持"
"AT0187","HAS_BOOK","BK0184","魔術書：浮遊 所持"
"AT0188","HAS_BOOK","BK0185","魔術書：キクゴロウエライ 所持"
"AT0189","HAS_BOOK","BK0186","魔術書：灼熱 所持"
"AT0190","HAS_BOOK","BK0187","魔術書：輝きのブレス 所持"
"AT0191","HAS_BOOK","BK0188","魔術書：解凍 所持"
"AT0192","HAS_BOOK","BK0189","魔術書：神経痛 所持"
"AT0193","HAS_BOOK","BK0190","魔術書：絹笠 所持"
"AT0194","HAS_BOOK","BK0191","魔術書：毒の雨 所持"
"AT0195","HAS_BOOK","BK0192","魔術書：バイオ・ウェポン 所持"
"AT0196","HAS_BOOK","BK0193","魔術書：汚染 所持"
"AT0197","HAS_BOOK","BK0194","魔術書：錬金術 所持"
"AT0198","HAS_BOOK","BK0195","魔術書：蒸着 所持"
"AT0199","HAS_BOOK","BK0196","魔術書：スーパーアーマー 所持"
"AT0200","HAS_BOOK","BK0197","魔術書：ワクチン 所持"
"AT0201","HAS_BOOK","BK0198","魔術書：ウス＝異本 所持"
"AT0202","HAS_BOOK","BK0199","魔術書：禁断の知識 所持"
"AT0203","HAS_BOOK","BK0200","魔術書：冒涜的な呼声 所持"
"AT0204","HAS_BOOK","BK0201","魔術書：少女の涙 所持"
"AT0205","HAS_BOOK","BK0202","魔術書：魔力移転 所持"
"AT0206","HAS_BOOK","BK0203","魔術書：正気度移転 所持"
"AT0207","HAS_BOOK","BK0204","魔術書：体力移転 所持"
"AT0208","HAS_BOOK","BK0205","魔術書：復活 所持"
"AT0209","HAS_BOOK","BK0206","魔術書：誓って殺しはやってません！ 所持"
"AT0210","HAS_BOOK","BK0207","魔術書：魔力による保持 所持"
"AT0211","HAS_BOOK","BK0208","魔術書：正気度による保持 所持"
"AT0212","HAS_BOOK","BK0209","魔術書：精神力による魔力増強 所持"
"AT0213","HAS_BOOK","BK0210","魔術書：精神力による正気度増強 所持"
"AT0214","HAS_BOOK","BK0211","魔術書：転嫁 所持"
"AT0215","HAS_BOOK","BK0212","魔術書：研士 所持"
"AT0216","HAS_BOOK","BK0213","魔術書：転送 所持"
"AT0217","HAS_BOOK","BK0214","魔術書：ワープ９ 所持"
"AT0218","HAS_BOOK","BK0215","魔術書：軽空母バグ 所持"
"AT0219","HAS_BOOK","BK0216","魔術書：null 所持"
"AT0220","HAS_BOOK","BK0217","魔術書：野獣の眼光 所持"
"AT0221","HAS_BOOK","BK0218","魔術書：簡易化 所持"
"AT0222","HAS_BOOK","BK0219","魔術書：無限の富 所持"
"AT0223","HAS_BOOK","BK0220","魔術書：生贄の儀式 所持"
"AT0224","HAS_BOOK","BK0221","魔術書：爆熱 所持"
"AT0225","HAS_BOOK","BK0222","魔術書：アイスピック 所持"
"AT0226","HAS_BOOK","BK0223","魔術書：魔力の剣 所持"
"AT0227","HAS_BOOK","BK0224","魔術書：魔力のハンマー 所持"
"AT0228","HAS_BOOK","BK0225","魔術書：ヘビーな蛇 所持"
"AT0229","HAS_BOOK","BK0226","魔術書：抹消 所持"
"AT0230","HAS_BOOK","BK0227","魔術書：FWのソースコード 所持"
"AT0231","HAS_BOOK","BK0228","魔術書：爆竹 所持"
"AT0232","HAS_BOOK","BK0229","魔術書：阿多丘思考回路 所持"
"AT0233","HAS_BOOK","BK0230","魔術書：いいね！ 所持"
"AT0234","HAS_BOOK","BK0231","魔術書：超絶・百連撃 所持"
"AT0235","HAS_BOOK","BK0232","魔術書：記憶操作 所持"
"AT0236","HAS_BOOK","BK0233","魔術書：ガーニンの左手 所持"
"AT0237","HAS_BOOK","BK0234","魔術書：ガーニンの右手 所持"
"AT0238","HAS_BOOK","BK0235","魔術書：エンチャント氷 所持"
"AT0239","HAS_BOOK","BK0236","魔術書：エンチャント炎 所持"
"AT0240","HAS_BOOK","BK0237","魔術書：エンチャント雷 所持"
"AT0241","HAS_BOOK","BK0238","魔術書：エンチャント空気 所持"
"AT0242","HAS_BOOK","BK0239","魔術書：エンチャント神秘 所持"
"AT0243","HAS_BOOK","BK0240","魔術書：エンチャント錬金 所持"
"AT0246","HAS_BOOK","BK0243","魔術書：エンチャント光 所持"
"AT0247","HAS_BOOK","BK0244","魔術書：エンチャント闇 所持"
"AT0248","HAS_BOOK","BK0245","魔術書：エンチャント精神 所持"
"AT0249","HAS_BOOK","BK0246","魔術書：エンチャント水 所持"
"AT0250","HAS_BOOK","BK0247","魔術書：五色破壊光線 所持"
"AT0251","HAS_BOOK","BK0248","魔術書：ブラックライト破壊光線 所持"
"AT0252","HAS_BOOK","BK0249","魔術書：ステロイド 所持"
"AT0253","HAS_BOOK","BK0250","魔術書：偽りの肉体 所持"
"AT0254","HAS_BOOK","BK0251","魔術書：麺料理大発見 所持"
"AT0255","HAS_BOOK","BK0252","魔術書：タイムリープ：過去 所持"
"AT0256","HAS_BOOK","BK0253","魔術書：タイムリープ：未来 所持"
"AT0257","HAS_BOOK","BK0254","魔術書：安全地帯 所持"
"AT0258","HAS_BOOK","BK0255","魔術書：先勝ち 所持"
"AT0259","HAS_BOOK","BK0256","魔術書：後勝ち 所持"
"AT0260","HAS_BOOK","BK0257","魔術書：タンク 所持"
"AT0261","HAS_BOOK","BK0258","魔術書：ヘイスト 所持"
"AT0262","HAS_BOOK","BK0259","魔術書：追加の腕 所持"
"AT0263","HAS_BOOK","BK0260","魔術書：オカトーの独壇場 所持"
"AT0264","HAS_BOOK","BK0261","魔術書：赤影 所持"
"AT0265","HAS_BOOK","BK0262","魔術書：通行止め 所持"
"AT0266","HAS_BOOK","BK0263","魔術書：分身の術 所持"
"AT0267","HAS_BOOK","BK0264","魔術書：速足 所持"
"AT0268","HAS_BOOK","BK0265","魔術書：トリックルーム 所持"
"AT0269","HAS_BOOK","BK0266","魔術書：足軽 所持"
"AT0270","HAS_BOOK","BK0267","魔術書：魔術封印 所持"
"AT0271","HAS_BOOK","BK0268","魔術書：伝説の究極魔法 所持"
"AT0272","HAS_BOOK","BK0269","魔術書：高速詠唱破壊光線 所持"
"AT0273","HAS_BOOK","BK0270","魔術書：超高速詠唱破壊光線 所持"
"AT0274","HAS_BOOK","BK0271","魔術書：偽りの記憶 所持"
"AT0275","HAS_BOOK","BK0272","魔術書：魔力注入 所持"
"AT0276","HAS_BOOK","BK0273","魔術書：ハレーション 所持"
"AT0277","HAS_BOOK","BK0274","魔術書：ヘビーボンバー 所持"
"AT0278","HAS_BOOK","BK0275","魔術書：輝きの海 所持"
"AT0279","HAS_BOOK","BK0276","魔術書：戦闘の準備 所持"
"AT0280","HAS_BOOK","BK0277","魔術書：二撃必殺 所持"
"AT0281","HAS_BOOK","BK0278","魔術書：磁石 所持"
"AT0282","HAS_BOOK","BK0279","魔術書：ぬるぽ 所持"
"AT0283","HAS_BOOK","BK0280","魔術書：錬金爆発 所持"
"AT0284","HAS_BOOK","BK0281","魔術書：変異 所持"
"AT0285","HAS_BOOK","BK0282","魔術書：押し出し 所持"
"AT0286","HAS_BOOK","BK0283","魔術書：PUSH・PUSH・PUSH！ 所持"
"AT0287","HAS_BOOK","BK0284","魔術書：裏切り 所持"
"AT0288","HAS_BOOK","BK0285","魔術書：そば団子召喚 所持"
"AT0289","HAS_BOOK","BK0286","魔術書：お魚召喚 所持"
"AT0290","HAS_BOOK","BK0287","魔術書：出前そば注文 所持"
"AT0291","HAS_BOOK","BK0288","魔術書：ガチャ 所持"
"AT0292","HAS_BOOK","BK0289","魔術書：アポクリファ 所持"
"AT0293","HAS_BOOK","BK0290","魔術書：赤の絨毯 所持"
"AT0294","HAS_BOOK","BK0291","魔術書：白の絨毯 所持"
"AT0295","HAS_BOOK","BK0292","魔術書：敵の召喚 所持"
"AT0296","HAS_BOOK","BK0293","魔術書：セキュリティ違反 所持"
"AT0297","HAS_BOOK","BK0294","魔術書：危険な悪戯 所持"
"AT0298","HAS_BOOK","BK0295","魔術書：青い鳥 所持"
"AT0299","HAS_BOOK","BK0296","魔術書：究極魔法：死滅 所持"
"AT0300","HAS_BOOK","BK0297","魔術書：精神の退避 所持"
"AT0301","HAS_BOOK","BK0298","魔術書：プルプルンテ 所持"
"AT0302","HAS_BOOK","BK0299","魔術書：障害物の除去 所持"
"AT0303","HAS_BOOK","BK0300","魔術書：破壊 所持"
"AT0304","HAS_BOOK","BK0301","魔術書：阻止 所持"
"AT0305","HAS_BOOK","BK0302","魔術書：アベレージ体力 所持"
"AT0306","HAS_BOOK","BK0303","魔術書：アベレージ魔力 所持"
"AT0307","HAS_BOOK","BK0304","魔術書：春一番 所持"
"AT0308","HAS_BOOK","BK0305","魔術書：赤目村 所持"
"AT0309","HAS_BOOK","BK0306","魔術書：栄養吸収 所持"
"AT0310","HAS_BOOK","BK0307","魔術書：腐葉土 所持"
"AT0311","HAS_BOOK","BK0308","魔術書：緑の牛 所持"
"AT0312","HAS_BOOK","BK0309","魔術書：新緑 所持"
"AT0313","HAS_BOOK","BK0310","魔術書：詰め込めるだけつも詰め込もうぜ 所持"
"AT0314","HAS_BOOK","BK0311","魔術書：解除 所持"
"AT0315","HAS_BOOK","BK0312","魔術書：鉄塊 所持"
"AT0316","HAS_BOOK","BK0313","魔術書：みんなでデデン 所持"
"AT0317","HAS_BOOK","BK0314","魔術書：精神吸収 所持"
"AT0318","HAS_BOOK","BK0315","魔術書：肉体の粉砕 所持"
"AT0319","HAS_BOOK","BK0316","魔術書：逆みんなでデデン 所持"
"AT0320","HAS_BOOK","BK0317","魔術書：set essential 13478 0 所持"
"AT0321","HAS_BOOK","BK0318","魔術書：行動抑止 所持"
"AT0322","HAS_BOOK","BK0319","魔術書：封印解除 所持"
"AT0323","HAS_BOOK","BK0320","魔術書：スリープ 所持"
"AT0324","HAS_BOOK","BK0321","魔術書：目覚めの鐘 所持"
"AT0325","HAS_BOOK","BK0322","魔術書：めざましドリ召喚 所持"
"AT0326","HAS_BOOK","BK0323","魔術書：神聖七方陣 所持"
"AT0327","HAS_BOOK","BK0324","魔術書：攻撃の方陣 所持"
"AT0328","HAS_BOOK","BK0325","魔術書：防御の方陣 所持"
"AT0329","HAS_BOOK","BK0326","魔術書：魔力の方陣 所持"
"AT0330","HAS_BOOK","BK0327","魔術書：捨身 所持"
"AT0331","HAS_BOOK","BK0328","魔術書：魔力集中 所持"
"AT0332","HAS_BOOK","BK0329","魔術書：朱雀 所持"
"AT0333","HAS_BOOK","BK0330","魔術書：限夢 所持"
"AT0334","HAS_BOOK","BK0331","魔術書：無尽 所持"
"AT0335","HAS_BOOK","BK0332","魔術書：ネギ召喚 所持"
"AT0336","HAS_BOOK","BK0333","魔術書：蓄積 所持"
"AT0337","HAS_BOOK","BK0334","魔術書：弱火 所持"
"AT0338","HAS_BOOK","BK0335","魔術書：毒の方陣 所持"
"AT0339","HAS_BOOK","BK0336","魔術書：眠りの方陣 所持"
"AT0340","HAS_BOOK","BK0337","魔術書：麻痺の方陣 所持"
"AT0341","HAS_BOOK","BK0338","魔術書：凍結の方陣 所持"
"AT0342","HAS_BOOK","BK0339","魔術書：炎上の方陣 所持"
"AT0343","HAS_BOOK","BK0340","魔術書：気絶の方陣 所持"
"AT0344","HAS_BOOK","BK0341","魔術書：郭公のさえずり 所持"
"AT0345","HAS_BOOK","BK0342","魔術書：マッチポンプ 所持"
"AT0347","HAS_BOOK","BK0344","魔術書：魔法剣の召喚 所持"
"AT0348","HAS_BOOK","BK0345","魔術書：闘魂注入 所持"
"AT0349","HAS_BOOK","BK0346","魔術書：火の槌 所持"
"AT0350","HAS_BOOK","BK0347","魔術書：多数決 所持"
"AT0351","HAS_BOOK","BK0348","魔術書：少数決 所持"
"AT0352","HAS_BOOK","BK0349","魔術書：出る杭は打たれる 所持"
"AT0353","HAS_BOOK","BK0350","魔術書：きしむ車輪は油をさされる 所持"
"AT0354","HAS_BOOK","BK0351","魔術書：死者の腕 所持"
"AT0355","HAS_BOOK","BK0352","魔術書：スーパースペシャルスパゲティ（SSS) 所持"
"AT0356","HAS_BOOK","BK0353","魔術書：勇者アリオス 所持"
"AT0357","HAS_BOOK","BK0354","魔術書：燃える水 所持"
"AT0358","HAS_BOOK","BK0355","魔術書：砂風呂 所持"
"AT0359","HAS_BOOK","BK0356","魔術書：そば団子アロー 所持"
"AT0360","HAS_BOOK","BK0357","魔術書：木の妖精 所持"
"AT0361","HAS_BOOK","BK0358","魔術書：アルケミコーラ注文 所持"
"AT0362","HAS_BOOK","BK0359","魔術書：アルケミコーラ業者の注文 所持"
"AT0363","HAS_BOOK","BK0360","魔術書：アルケミコーラクアンタムグレネード 所持"
"AT0364","HAS_BOOK","BK0361","魔術書：ゆるぎなき力 所持"
"AT0365","HAS_BOOK","BK0362","魔術書：転換 所持"
"AT0366","HAS_BOOK","BK0363","魔術書：FWでお金頂戴はすべて詐欺です 所持"
"AT0367","HAS_BOOK","BK0364","魔術書：錬金雨 所持"
"AT0368","HAS_BOOK","BK0365","魔術書：天雷 所持"
"AT0369","HAS_BOOK","BK0366","魔術書：不動 所持"
"AT0370","HAS_BOOK","BK0367","魔術書：魂の帰還 所持"
"AT0371","HAS_BOOK","BK0368","魔術書：無限転生 所持"
"AT0372","HAS_BOOK","BK0369","魔術書：割り込み 所持"
"AT0373","HAS_BOOK","BK0370","魔術書：封印の方陣 所持"
"AT0374","HAS_BOOK","BK0371","魔術書：血の雨 所持"
"AT0375","HAS_BOOK","BK0372","魔術書：写本 所持"
"AT0376","HAS_BOOK","BK0373","魔術書：生命の雫 所持"
"AT0377","HAS_BOOK","BK0374","魔術書：死神からの手紙 所持"
"AT0378","HAS_BOOK","BK0375","魔術書：アイスブレス 所持"
"AT0379","HAS_BOOK","BK0376","魔術書：パラライズ 所持"
"AT0380","HAS_BOOK","BK0377","魔術書：進捗どうですか？ 所持"
"AT0381","HAS_BOOK","BK0378","魔術書：交換しましょう 所持"
"AT0382","HAS_BOOK","BK0379","魔術書：空間扉 所持"
"AT0383","HAS_BOOK","BK0380","魔術書：テレポート 所持"
"AT0384","HAS_BOOK","BK0381","魔術書：マジカルアロー 所持"
"AT0385","HAS_BOOK","BK0382","魔術書：風林火山 所持"
"AT0386","HAS_BOOK","BK0383","魔術書：アルケミチキン召喚 所持"
"AT0387","HAS_BOOK","BK0384","魔術書：乙女マチルダの渾身の一撃 所持"
"AT0388","HAS_BOOK","BK0385","魔術書：GHへの訪問 所持"
"AT0389","HAS_BOOK","BK0386","魔術書：やどかり召喚 所持"
"AT0390","HAS_BOOK","BK0387","魔術書：複製 所持"
"AT0391","HAS_BOOK","BK0388","魔術書：魔法の防刃チョッキ 所持"
"AT0392","HAS_BOOK","BK0389","魔術書：魔法のちゃんちゃんこ 所持"
"AT0393","HAS_BOOK","BK0390","魔術書：魔法の防弾ベスト 所持"
"AT0394","HAS_BOOK","BK0391","魔術書：フォースフィールド 所持"
"AT0395","HAS_BOOK","BK0392","魔術書：流星群 所持"
"AT0396","HAS_BOOK","BK0393","魔術書：それってあなたの乾燥ですよね？ 所持"
"AT0397","HAS_BOOK","BK0394","魔術書：蟻地獄 所持"
"AT0398","HAS_BOOK","BK0395","魔術書：砂嵐 所持"
"AT0399","HAS_BOOK","BK0396","魔術書：ゴールデンタッチ 所持"
"AT0400","HAS_BOOK","BK0397","魔術書：金の精霊 所持"
"AT0401","HAS_BOOK","BK0398","魔術書：不死鳥 所持"
"AT0402","HAS_BOOK","BK0399","魔術書：火をつけろ～ 所持"
"AT0403","HAS_BOOK","BK0400","魔術書：精神分析 所持"
"AT0404","HAS_BOOK","BK0401","魔術書：竹堤 所持"
"AT0405","HAS_BOOK","BK0402","魔術書：堤防 所持"
"AT0406","HAS_BOOK","BK0403","魔術書：オキナ・ザ・バンブー・カッター 所持"
"AT0407","HAS_BOOK","BK0404","魔術書：砂塵 所持"
"AT0408","HAS_BOOK","BK0405","魔術書：もしかして私たち！？ 所持"
"AT0409","HAS_BOOK","BK0406","魔術書：狂火 所持"
"AT0410","HAS_BOOK","BK0407","魔術書：狂乱の渦 所持"
"AT0411","HAS_BOOK","BK0408","魔術書：エンチャント斬撃 所持"
"AT0412","HAS_BOOK","BK0409","魔術書：エンチャント刺突 所持"
"AT0413","HAS_BOOK","BK0410","魔術書：エンチャント衝撃 所持"
"AT0414","HAS_BOOK","BK0411","魔術書：柳葉 所持"
"AT0415","HAS_BOOK","BK0412","魔術書：俺は正気に戻った！ 所持"
"AT0449","EQ_ITEM_NAME_CONTAINS","魔法剣","魔法剣"
"AT0450","HAS_BOOK","BK0413","魔術書：ヘルカイザー"
"AT0451","HAS_BOOK","BK0414","魔術書：血しぶき"
"AT0452","HAS_BOOK","BK0415","魔術書：酸性雨"
"AT0453","HAS_BOOK","BK0416","魔術書：赤星病"
"AT0454","HAS_BOOK","BK0417","魔術書：油虫"
"AT0455","HAS_BOOK","BK0418","魔術書：浸食"
"AT0456","HAS_BOOK","BK0419","魔術書：呪い"
"AT0457","HAS_BOOK","BK0420","魔術書：ルパートの涙"
"AT0458","HAS_BOOK","BK0421","魔術書：どこでもセーブ"
"AT0459","HAS_BOOK","BK0422","魔術書：ロード"
"AT0460","HAS_BOOK","BK0423","魔術書：セーブデータの破壊"
"AT0461","HAS_BOOK","BK0424","魔術書：セーブデータの根絶"
"AT0462","HAS_BOOK","BK0425","魔術書：立枯"
"AT0463","HAS_BOOK","BK0426","魔術書：赤錆"
"AT0464","HAS_BOOK","BK0427","魔術書：崇拝"
"AT0465","HAS_BOOK","BK0428","魔術書：円陣"
"AT0466","HAS_BOOK","BK0429","魔術書：天使の輪"
"AT0467","HAS_BOOK","BK0430","魔術書：堕天使"
"AT0468","HAS_BOOK","BK0431","魔術書：金より経験"
"AT0469","HAS_BOOK","BK0432","魔術書：経験より金"
"AT0470","HAS_BOOK","BK0433","魔術書：熱による調理"
"AT0471","HAS_BOOK","BK0434","魔術書：煮沸"
"AT0472","HAS_BOOK","BK0435","魔術書：令風"
"AT0473","HAS_BOOK","BK0436","魔術書：星を見る人"
"AT0474","HAS_BOOK","BK0437","魔術書：メテオ"
"AT0475","HAS_BOOK","BK0438","魔術書：シャンブルズ"
"AT0476","HAS_BOOK","BK0439","魔術書：ごちゃまぜハリケーン"
"AT0477","HAS_BOOK","BK0440","魔術書：墓穴"
"AT0478","HAS_BOOK","BK0441","魔術書：神秘の鎧"
"AT0479","HAS_BOOK","BK0442","魔術書：内なる瞳"
"AT0480","HAS_BOOK","BK0443","魔術書：餓鬼"
"AT0481","HAS_BOOK","BK0444","魔術書：ガラクタ召喚"
"AT0482","HAS_BOOK","BK0445","魔術書：監獄"
"AT0483","HAS_BOOK","BK0446","魔術書：出所"
"AT0484","HAS_BOOK","BK0447","魔術書：駆け足！"
"AT0485","HAS_BOOK","BK0448","魔術書：ピカピ化"
"AT0486","HAS_BOOK","BK0449","魔術書：頭痛"
"AT0487","HAS_BOOK","BK0450","魔術書：やんほぬ"
"AT0488","HAS_BOOK","BK0451","魔術書：天使たちの歌"
"AT0489","HAS_BOOK","BK0452","魔術書：水銀"
"AT0490","HAS_BOOK","BK0453","魔術書：木の召喚"
"AT0491","HAS_BOOK","BK0454","魔術書：石の召喚"
"AT0492","HAS_BOOK","BK0455","魔術書：寿"
"AT0493","HAS_BOOK","BK0456","魔術書：持久戦"
"AT0494","HAS_BOOK","BK0457","魔術書：短期決戦"
"AT0495","HAS_BOOK","BK0458","魔術書：先送り"
"AT0496","HAS_BOOK","BK0459","魔術書：重量化"
"AT0497","HAS_BOOK","BK0460","魔術書：速読"
"AT0498","HAS_BOOK","BK0461","魔術書：高速詠唱"
"AT0499","HAS_BOOK","BK0462","魔術書：加速"
"AT0500","HAS_BOOK","BK0463","魔術書：ウサギとカメ"
"AT0501","HAS_BOOK","BK0464","魔術書：時の女神"
"AT0502","HAS_BOOK","BK0465","魔術書：ゴムの木"
"AT0503","HAS_BOOK","BK0466","魔術書：栄"
"AT0504","HAS_BOOK","BK0467","魔術書：一寸先は闇"
"AT0505","HAS_BOOK","BK0468","魔術書：時は金なり"
"AT0506","HAS_BOOK","BK0469","魔術書：石の上にも三年"
"AT0507","HAS_BOOK","BK0470","魔術書：破壊神のデコピン"
"AT0508","HAS_BOOK","BK0471","魔術書：魔道風"
"AT0509","HAS_BOOK","BK0472","魔術書：発破"
"AT0510","HAS_BOOK","BK0473","魔術書：箪笥の角に小指"
"AT0511","HAS_BOOK","BK0474","魔術書：平和主義者断腸の一撃"
"AT0512","HAS_BOOK","BK0475","魔術書：ランダムシードディスティニー"
"AT0513","HAS_BOOK","BK0476","魔術書：幻惑ダメージ"
"AT0514","HAS_BOOK","BK0477","魔術書：体力の低下"
"AT0515","HAS_BOOK","BK0478","魔術書：命断"
"AT0516","HAS_BOOK","BK0479","魔術書：幻惑の霧"
"AT0517","HAS_BOOK","BK0480","魔術書：ロシアンルーレット"
"AT0518","HAS_BOOK","BK0481","魔術書：オラに元気を分けてくれ！"
"AT0519","HAS_BOOK","BK0482","魔術書：痛風"
"AT0520","HAS_BOOK","BK0483","魔術書：懺悔"
"AT0521","HAS_BOOK","BK0484","魔術書：命の回収"
"AT0522","HAS_BOOK","BK0485","魔術書：どくばり"
"AT0523","HAS_BOOK","BK0486","魔術書：連続ビンタ"
"AT0524","HAS_BOOK","BK0487","魔術書：軽量合金追加"
"AT0525","HAS_BOOK","BK0488","魔術書：魔力の鎧"
"AT0526","HAS_BOOK","BK0489","魔術書：高速パンチ99連打"
"AT0527","HAS_BOOK","BK0490","魔術書：クイックボール"
"AT0528","HAS_BOOK","BK0491","魔術書：力貯め"
"AT0529","HAS_BOOK","BK0492","魔術書：絶望の大雨"
"AT0530","HAS_BOOK","BK0493","魔術書：対価"
"AT0531","HAS_BOOK","BK0494","魔術書：上位者の窓"
"AT0532","HAS_BOOK","BK0495","魔術書：散らかり放題"
"AT0533","HAS_BOOK","BK0496","魔術書：整理整頓"
"AT0534","HAS_BOOK","BK0497","魔術書：深夜の月"
"AT0535","HAS_BOOK","BK0498","魔術書：真昼の太陽"
"AT0536","HAS_BOOK","BK0499","魔術書：誉の日差し"
"AT0537","HAS_BOOK","BK0500","魔術書：誉の月明り"
"AT0538","HAS_BOOK","BK0501","魔術書：音楽の座標"
"AT0539","HAS_BOOK","BK0502","魔術書：奇襲"
"AT0540","HAS_BOOK","BK0503","魔術書：SE破棄"
"AT0541","HAS_BOOK","BK0504","魔術書：義経斬"
"AT0542","HAS_BOOK","BK0505","魔術書：博打"
"AT0543","HAS_BOOK","BK0506","魔術書：上位者の脳"
"AT0544","HAS_BOOK","BK0507","魔術書：古きもの"
"AT0545","HAS_BOOK","BK0508","魔術書：牛歩"
"AT0546","HAS_BOOK","BK0509","魔術書：世界崩壊"
"AT0547","HAS_BOOK","BK0510","魔術書：熱線"
"AT0548","HAS_BOOK","BK0511","魔術書：常闇"
"AT0549","HAS_BOOK","BK0512","魔術書：闇の牙"
"AT0550","HAS_BOOK","BK0513","魔術書：マジカルビーム"
"AT0551","HAS_BOOK","BK0514","魔術書：血の涙"
"AT0552","HAS_BOOK","BK0515","魔術書：それとチーズ！"
"AT0553","HAS_BOOK","BK0516","魔術書：レーザーカッター"
"AT0554","HAS_BOOK","BK0517","魔術書：ウォーターカッター"
"AT0555","HAS_BOOK","BK0518","魔術書：野分"
"AT0556","HAS_ITEM_NAME_CONTAINS","魔道銃の弾薬","弾薬所持"
"AT0557","HAS_ITEM_NAME_CONTAINS","矢","矢所持"
"AT0558","HAS_ITEM_NAME_CONTAINS","ボルト","ボルト所持"
