"BOOKID","PAGEID"
"BK0034","PG0165"
"BK0034","PG1262"
"BK0034","PG0575"
"BK0034","PG1422"
"BK0034","PG0822"
"BK0034","PG0831"
"BK0034","PG0116"
"BK0035","PG0289"
"BK0035","PG1323"
"BK0035","PG1224"
"BK0035","PG1015"
"BK0035","PG0888"
"BK0036","PG1540"
"BK0036","PG1166"
"BK0036","PG1478"
"BK0036","PG0375"
"BK0036","PG0442"
"BK0036","PG0156"
"BK0036","PG0458"
"BK0036","PG0479"
"BK0036","PG0226"
"BK0037","PG1308"
"BK0037","PG0071"
"BK0037","PG0483"
"BK0037","PG0696"
"BK0037","PG1299"
"BK0038","PG0636"
"BK0038","PG0670"
"BK0038","PG0065"
"BK0038","PG0175"
"BK0038","PG0295"
"BK0038","PG0234"
"BK0038","PG0722"
"BK0038","PG0621"
"BK0039","PG0407"
"BK0039","PG0354"
"BK0039","PG0216"
"BK0040","PG1508"
"BK0040","PG1183"
"BK0040","PG1418"
"BK0040","PG0330"
"BK0040","PG1356"
"BK0040","PG0411"
"BK0040","PG1235"
"BK0040","PG0129"
"BK0040","PG0327"
"BK0041","PG0193"
"BK0041","PG1131"
"BK0041","PG0400"
"BK0041","PG0375"
"BK0041","PG1438"
"BK0041","PG0547"
"BK0042","PG0867"
"BK0042","PG0165"
"BK0042","PG0493"
"BK0042","PG1555"
"BK0042","PG0882"
"BK0042","PG0910"
"BK0042","PG0874"
"BK0042","PG0116"
"BK0042","PG1523"
"BK0043","PG0636"
"BK0043","PG0439"
"BK0043","PG1486"
"BK0043","PG0677"
"BK0043","PG0820"
"BK0044","PG0714"
"BK0044","PG1338"
"BK0044","PG1524"
"BK0045","PG0185"
"BK0045","PG0592"
"BK0045","PG0349"
"BK0045","PG1425"
"BK0046","PG1183"
"BK0046","PG0438"
"BK0046","PG0709"
"BK0046","PG1473"
"BK0046","PG0891"
"BK0046","PG0607"
"BK0046","PG1026"
"BK0046","PG0221"
"BK0046","PG0777"
"BK0046","PG1402"
"BK0047","PG0076"
"BK0047","PG0588"
"BK0047","PG0104"
"BK0047","PG0105"
"BK0048","PG0825"
"BK0048","PG0528"
"BK0048","PG0918"
"BK0048","PG1113"
"BK0048","PG1002"
"BK0049","PG1517"
"BK0049","PG0428"
"BK0049","PG1134"
"BK0049","PG0104"
"BK0049","PG0688"
"BK0050","PG0185"
"BK0050","PG0840"
"BK0050","PG1303"
"BK0051","PG0969"
"BK0051","PG1171"
"BK0051","PG0350"
"BK0051","PG0333"
"BK0051","PG0037"
"BK0051","PG0546"
"BK0052","PG0560"
"BK0052","PG1495"
"BK0052","PG1384"
"BK0053","PG0593"
"BK0053","PG0077"
"BK0053","PG1385"
"BK0054","PG1172"
"BK0054","PG1404"
"BK0054","PG0346"
"BK0054","PG0314"
"BK0055","PG0392"
"BK0055","PG1072"
"BK0055","PG1132"
"BK0055","PG0495"
"BK0055","PG0502"
"BK0055","PG0358"
"BK0056","PG1507"
"BK0056","PG0988"
"BK0056","PG0184"
"BK0056","PG1544"
"BK0056","PG0118"
"BK0056","PG0028"
"BK0056","PG0578"
"BK0057","PG0858"
"BK0057","PG0491"
"BK0057","PG0307"
"BK0057","PG1044"
"BK0057","PG0774"
"BK0057","PG1487"
"BK0057","PG0661"
"BK0057","PG0893"
"BK0057","PG1359"
"BK0057","PG1347"
"BK0058","PG1480"
"BK0058","PG0878"
"BK0058","PG0361"
"BK0058","PG0895"
"BK0059","PG1262"
"BK0059","PG0613"
"BK0059","PG1039"
"BK0060","PG1122"
"BK0060","PG1120"
"BK0061","PG0913"
"BK0061","PG0823"
"BK0061","PG0856"
"BK0061","PG0267"
"BK0061","PG0389"
"BK0061","PG0919"
"BK0061","PG0133"
"BK0062","PG0942"
"BK0062","PG0723"
"BK0063","PG0009"
"BK0063","PG0176"
"BK0063","PG1500"
"BK0063","PG0884"
"BK0063","PG1167"
"BK0063","PG0975"
"BK0064","PG1000"
"BK0064","PG1065"
"BK0064","PG1104"
"BK0064","PG0136"
"BK0064","PG0004"
"BK0064","PG0342"
"BK0064","PG0232"
"BK0064","PG0793"
"BK0065","PG0050"
"BK0065","PG1209"
"BK0065","PG0470"
"BK0065","PG0785"
"BK0065","PG1201"
"BK0065","PG0843"
"BK0065","PG0888"
"BK0065","PG1536"
"BK0066","PG0131"
"BK0066","PG0817"
"BK0066","PG0861"
"BK0066","PG0448"
"BK0066","PG0358"
"BK0067","PG0724"
"BK0067","PG0846"
"BK0067","PG1077"
"BK0067","PG0134"
"BK0068","PG0290"
"BK0068","PG1417"
"BK0068","PG1350"
"BK0068","PG0685"
"BK0068","PG1212"
"BK0068","PG0793"
"BK0068","PG0951"
"BK0068","PG0214"
"BK0068","PG1116"
"BK0069","PG0769"
"BK0069","PG0609"
"BK0069","PG0790"
"BK0069","PG0466"
"BK0069","PG1289"
"BK0069","PG0761"
"BK0069","PG0541"
"BK0070","PG1183"
"BK0070","PG0636"
"BK0070","PG0230"
"BK0070","PG0938"
"BK0070","PG1004"
"BK0070","PG1244"
"BK0070","PG1123"
"BK0070","PG1070"
"BK0070","PG0745"
"BK0070","PG0500"
"BK0071","PG1110"
"BK0071","PG0055"
"BK0071","PG0839"
"BK0071","PG1075"
"BK0071","PG0982"
"BK0071","PG0025"
"BK0071","PG0536"
"BK0071","PG0379"
"BK0072","PG1382"
"BK0072","PG1144"
"BK0072","PG0609"
"BK0072","PG1098"
"BK0072","PG0063"
"BK0072","PG1235"
"BK0072","PG0452"
"BK0072","PG0315"
"BK0072","PG0104"
"BK0073","PG0470"
"BK0073","PG0097"
"BK0073","PG0932"
"BK0073","PG1457"
"BK0074","PG0636"
"BK0074","PG0197"
"BK0074","PG0261"
"BK0074","PG0471"
"BK0074","PG0479"
"BK0075","PG0903"
"BK0075","PG1463"
"BK0075","PG1483"
"BK0075","PG0047"
"BK0075","PG0210"
"BK0075","PG1377"
"BK0075","PG0530"
"BK0075","PG0326"
"BK0075","PG0336"
"BK0076","PG1096"
"BK0076","PG0738"
"BK0076","PG0515"
"BK0076","PG0054"
"BK0076","PG0383"
"BK0076","PG0487"
"BK0076","PG0850"
"BK0076","PG1025"
"BK0076","PG0475"
"BK0076","PG0820"
"BK0077","PG0252"
"BK0077","PG0692"
"BK0077","PG0476"
"BK0077","PG0048"
"BK0077","PG0326"
"BK0077","PG0657"
"BK0077","PG0654"
"BK0078","PG0907"
"BK0078","PG0151"
"BK0078","PG0227"
"BK0078","PG0832"
"BK0078","PG0602"
"BK0079","PG1193"
"BK0079","PG0142"
"BK0079","PG1021"
"BK0079","PG0618"
"BK0079","PG0234"
"BK0079","PG0026"
"BK0079","PG1239"
"BK0079","PG0721"
"BK0080","PG0191"
"BK0080","PG0384"
"BK0080","PG0330"
"BK0080","PG1020"
"BK0080","PG1444"
"BK0080","PG0741"
"BK0080","PG1465"
"BK0080","PG1377"
"BK0080","PG0232"
"BK0080","PG0457"
"BK0081","PG1508"
"BK0081","PG0319"
"BK0081","PG0614"
"BK0081","PG0669"
"BK0081","PG1461"
"BK0081","PG1163"
"BK0081","PG0782"
"BK0081","PG1212"
"BK0081","PG0976"
"BK0081","PG0105"
"BK0081","PG0435"
"BK0082","PG0953"
"BK0082","PG0589"
"BK0083","PG0380"
"BK0083","PG1073"
"BK0083","PG0548"
"BK0083","PG1263"
"BK0083","PG0284"
"BK0083","PG1530"
"BK0083","PG0712"
"BK0083","PG0512"
"BK0084","PG1452"
"BK0084","PG0250"
"BK0084","PG0948"
"BK0084","PG0394"
"BK0084","PG0224"
"BK0084","PG1024"
"BK0084","PG1108"
"BK0084","PG0426"
"BK0084","PG0149"
"BK0085","PG1484"
"BK0085","PG1460"
"BK0085","PG0975"
"BK0086","PG1324"
"BK0086","PG0685"
"BK0086","PG1246"
"BK0086","PG0403"
"BK0086","PG1029"
"BK0087","PG1243"
"BK0087","PG0195"
"BK0087","PG1207"
"BK0087","PG0767"
"BK0087","PG0368"
"BK0087","PG0633"
"BK0087","PG1413"
"BK0088","PG0638"
"BK0088","PG1236"
"BK0088","PG1247"
"BK0088","PG0201"
"BK0088","PG0485"
"BK0088","PG1487"
"BK0088","PG1344"
"BK0088","PG1359"
"BK0088","PG0776"
"BK0089","PG0193"
"BK0089","PG1063"
"BK0089","PG1160"
"BK0089","PG0728"
"BK0089","PG0502"
"BK0090","PG0748"
"BK0090","PG0836"
"BK0090","PG0419"
"BK0090","PG0659"
"BK0090","PG1363"
"BK0090","PG0770"
"BK0090","PG0555"
"BK0090","PG0567"
"BK0091","PG0529"
"BK0091","PG1230"
"BK0091","PG0371"
"BK0091","PG1097"
"BK0091","PG0499"
"BK0091","PG1486"
"BK0091","PG0190"
"BK0091","PG0478"
"BK0091","PG0126"
"BK0091","PG0952"
"BK0091","PG0347"
"BK0092","PG0582"
"BK0092","PG1175"
"BK0092","PG0493"
"BK0093","PG0902"
"BK0093","PG0207"
"BK0093","PG0669"
"BK0093","PG1164"
"BK0093","PG1153"
"BK0093","PG1197"
"BK0093","PG1042"
"BK0093","PG1102"
"BK0094","PG0263"
"BK0094","PG0591"
"BK0094","PG1141"
"BK0094","PG1482"
"BK0094","PG0443"
"BK0094","PG0997"
"BK0095","PG0380"
"BK0095","PG0306"
"BK0095","PG0890"
"BK0095","PG1163"
"BK0095","PG1026"
"BK0095","PG1201"
"BK0095","PG1388"
"BK0095","PG1069"
"BK0095","PG0441"
"BK0095","PG0536"
"BK0095","PG0467"
"BK0096","PG0917"
"BK0096","PG0158"
"BK0096","PG1301"
"BK0096","PG0247"
"BK0097","PG1067"
"BK0097","PG0174"
"BK0097","PG1141"
"BK0097","PG1059"
"BK0098","PG0617"
"BK0098","PG0114"
"BK0099","PG0328"
"BK0099","PG0140"
"BK0099","PG0344"
"BK0099","PG0422"
"BK0099","PG0100"
"BK0099","PG0777"
"BK0099","PG0236"
"BK0099","PG1216"
"BK0100","PG0161"
"BK0100","PG0142"
"BK0100","PG0620"
"BK0100","PG1047"
"BK0100","PG1228"
"BK0101","PG0868"
"BK0101","PG0916"
"BK0101","PG0019"
"BK0102","PG0125"
"BK0102","PG1442"
"BK0103","PG0419"
"BK0103","PG0507"
"BK0103","PG0170"
"BK0103","PG1220"
"BK0103","PG0462"
"BK0103","PG1355"
"BK0103","PG1204"
"BK0104","PG0194"
"BK0104","PG0928"
"BK0104","PG0473"
"BK0104","PG1064"
"BK0104","PG0257"
"BK0104","PG0573"
"BK0104","PG1277"
"BK0104","PG0753"
"BK0105","PG1221"
"BK0105","PG0807"
"BK0105","PG0927"
"BK0105","PG0598"
"BK0105","PG0068"
"BK0105","PG0145"
"BK0105","PG0137"
"BK0106","PG0935"
"BK0106","PG0209"
"BK0106","PG0328"
"BK0106","PG1372"
"BK0106","PG1236"
"BK0106","PG0232"
"BK0106","PG0683"
"BK0106","PG1146"
"BK0106","PG0304"
"BK0107","PG0483"
"BK0107","PG1240"
"BK0107","PG0754"
"BK0108","PG0062"
"BK0108","PG0637"
"BK0108","PG0186"
"BK0108","PG0819"
"BK0108","PG0422"
"BK0108","PG0672"
"BK0108","PG1432"
"BK0108","PG0953"
"BK0109","PG0406"
"BK0109","PG1331"
"BK0109","PG0817"
"BK0109","PG0854"
"BK0109","PG1479"
"BK0110","PG1140"
"BK0110","PG0073"
"BK0110","PG0416"
"BK0110","PG0472"
"BK0110","PG0508"
"BK0110","PG0972"
"BK0110","PG0576"
"BK0110","PG0882"
"BK0110","PG0723"
"BK0110","PG0710"
"BK0111","PG0605"
"BK0111","PG0487"
"BK0111","PG1115"
"BK0111","PG0586"
"BK0111","PG1323"
"BK0111","PG1048"
"BK0111","PG0353"
"BK0111","PG0255"
"BK0111","PG0217"
"BK0111","PG0677"
"BK0112","PG1407"
"BK0112","PG0923"
"BK0112","PG0219"
"BK0112","PG1208"
"BK0112","PG0440"
"BK0112","PG1550"
"BK0112","PG0166"
"BK0112","PG0755"
"BK0112","PG0018"
"BK0112","PG0678"
"BK0112","PG0028"
"BK0113","PG1452"
"BK0113","PG1411"
"BK0114","PG0416"
"BK0114","PG1477"
"BK0114","PG0301"
"BK0114","PG0238"
"BK0114","PG1468"
"BK0115","PG0290"
"BK0115","PG1020"
"BK0115","PG0058"
"BK0115","PG0994"
"BK0115","PG0919"
"BK0115","PG0258"
"BK0116","PG0748"
"BK0116","PG0957"
"BK0116","PG1518"
"BK0116","PG0958"
"BK0116","PG0256"
"BK0116","PG0960"
"BK0116","PG1343"
"BK0116","PG0008"
"BK0116","PG0336"
"BK0116","PG1457"
"BK0117","PG0719"
"BK0117","PG0671"
"BK0117","PG1385"
"BK0117","PG0261"
"BK0117","PG0124"
"BK0118","PG0973"
"BK0118","PG1534"
"BK0119","PG1392"
"BK0119","PG0561"
"BK0119","PG0760"
"BK0120","PG1408"
"BK0120","PG0945"
"BK0120","PG1001"
"BK0120","PG1075"
"BK0120","PG0267"
"BK0120","PG0630"
"BK0120","PG1269"
"BK0120","PG0894"
"BK0120","PG0079"
"BK0120","PG1035"
"BK0121","PG0726"
"BK0121","PG0636"
"BK0121","PG1418"
"BK0121","PG0280"
"BK0121","PG1186"
"BK0121","PG1509"
"BK0121","PG0256"
"BK0121","PG1454"
"BK0121","PG0452"
"BK0121","PG1398"
"BK0121","PG0116"
"BK0122","PG0924"
"BK0122","PG0900"
"BK0122","PG0251"
"BK0122","PG1258"
"BK0122","PG0661"
"BK0122","PG1376"
"BK0122","PG1228"
"BK0122","PG1415"
"BK0123","PG0103"
"BK0123","PG1553"
"BK0124","PG0958"
"BK0124","PG0917"
"BK0124","PG1110"
"BK0124","PG0003"
"BK0124","PG0277"
"BK0124","PG0541"
"BK0124","PG0211"
"BK0124","PG1526"
"BK0124","PG0764"
"BK0124","PG1314"
"BK0124","PG1006"
"BK0125","PG1194"
"BK0125","PG0936"
"BK0125","PG1517"
"BK0125","PG1540"
"BK0125","PG0142"
"BK0125","PG0188"
"BK0125","PG1278"
"BK0125","PG0013"
"BK0125","PG0101"
"BK0125","PG1339"
"BK0125","PG0799"
"BK0126","PG0638"
"BK0126","PG0162"
"BK0126","PG0919"
"BK0126","PG1113"
"BK0126","PG1410"
"BK0126","PG0734"
"BK0126","PG1458"
"BK0126","PG0258"
"BK0126","PG0006"
"BK0126","PG0578"
"BK0127","PG0176"
"BK0127","PG1027"
"BK0127","PG0005"
"BK0127","PG0567"
"BK0127","PG0897"
"BK0128","PG0083"
"BK0128","PG0678"
"BK0128","PG0126"
"BK0129","PG1491"
"BK0129","PG0143"
"BK0130","PG1051"
"BK0130","PG1154"
"BK0130","PG0012"
"BK0130","PG1420"
"BK0130","PG1057"
"BK0130","PG1552"
"BK0130","PG1028"
"BK0131","PG1192"
"BK0131","PG0483"
"BK0131","PG0673"
"BK0131","PG0038"
"BK0131","PG0423"
"BK0131","PG0116"
"BK0132","PG0339"
"BK0132","PG0363"
"BK0132","PG1110"
"BK0132","PG0770"
"BK0132","PG0261"
"BK0132","PG0075"
"BK0132","PG1412"
"BK0132","PG0232"
"BK0132","PG0854"
"BK0132","PG0139"
"BK0132","PG0303"
"BK0133","PG0095"
"BK0133","PG0439"
"BK0133","PG0584"
"BK0133","PG1459"
"BK0133","PG0932"
"BK0133","PG0699"
"BK0134","PG1298"
"BK0134","PG0870"
"BK0135","PG0529"
"BK0135","PG0297"
"BK0135","PG1351"
"BK0135","PG1494"
"BK0135","PG0619"
"BK0135","PG0124"
"BK0135","PG0122"
"BK0135","PG1135"
"BK0135","PG1167"
"BK0135","PG0787"
"BK0135","PG0765"
"BK0136","PG0429"
"BK0136","PG1181"
"BK0136","PG1384"
"BK0136","PG1130"
"BK0136","PG1258"
"BK0136","PG0960"
"BK0136","PG0893"
"BK0136","PG0354"
"BK0136","PG0673"
"BK0136","PG0497"
"BK0137","PG1371"
"BK0137","PG1162"
"BK0137","PG0181"
"BK0137","PG0196"
"BK0137","PG0026"
"BK0137","PG0364"
"BK0137","PG1388"
"BK0137","PG0447"
"BK0137","PG1426"
"BK0137","PG0654"
"BK0138","PG0527"
"BK0138","PG0175"
"BK0138","PG0056"
"BK0138","PG1404"
"BK0138","PG0621"
"BK0139","PG0274"
"BK0139","PG1550"
"BK0139","PG0114"
"BK0139","PG0237"
"BK0140","PG0428"
"BK0140","PG0323"
"BK0140","PG0651"
"BK0140","PG1504"
"BK0141","PG0548"
"BK0141","PG1406"
"BK0141","PG0882"
"BK0141","PG1019"
"BK0141","PG1502"
"BK0142","PG0131"
"BK0142","PG0373"
"BK0142","PG0561"
"BK0142","PG0817"
"BK0142","PG0554"
"BK0142","PG1124"
"BK0142","PG1388"
"BK0142","PG0178"
"BK0142","PG0238"
"BK0142","PG0403"
"BK0142","PG0701"
"BK0143","PG0003"
"BK0143","PG1036"
"BK0143","PG0415"
"BK0143","PG1107"
"BK0144","PG1381"
"BK0144","PG0170"
"BK0144","PG1111"
"BK0144","PG0531"
"BK0144","PG0133"
"BK0144","PG0772"
"BK0144","PG0214"
"BK0144","PG0677"
"BK0145","PG1272"
"BK0145","PG0271"
"BK0145","PG0405"
"BK0145","PG0076"
"BK0145","PG0395"
"BK0145","PG1285"
"BK0145","PG1197"
"BK0145","PG0334"
"BK0145","PG1169"
"BK0145","PG1398"
"BK0145","PG0468"
"BK0146","PG1292"
"BK0146","PG1318"
"BK0146","PG1022"
"BK0146","PG1025"
"BK0146","PG0304"
"BK0146","PG0943"
"BK0146","PG0327"
"BK0146","PG1316"
"BK0147","PG0209"
"BK0147","PG0914"
"BK0147","PG0108"
"BK0147","PG0857"
"BK0147","PG1232"
"BK0147","PG1021"
"BK0147","PG1186"
"BK0147","PG0041"
"BK0147","PG1284"
"BK0147","PG1544"
"BK0147","PG0359"
"BK0148","PG1133"
"BK0148","PG1078"
"BK0148","PG0242"
"BK0148","PG1231"
"BK0148","PG1000"
"BK0148","PG0030"
"BK0148","PG1025"
"BK0148","PG1338"
"BK0148","PG0423"
"BK0148","PG0039"
"BK0149","PG0836"
"BK0149","PG1429"
"BK0149","PG1319"
"BK0149","PG1362"
"BK0149","PG1054"
"BK0149","PG0386"
"BK0149","PG0327"
"BK0149","PG0204"
"BK0149","PG1248"
"BK0150","PG0392"
"BK0150","PG1502"
"BK0151","PG0748"
"BK0151","PG0463"
"BK0152","PG1192"
"BK0152","PG0794"
"BK0153","PG1051"
"BK0153","PG0411"
"BK0153","PG0950"
"BK0153","PG0991"
"BK0153","PG0650"
"BK0153","PG1448"
"BK0153","PG0668"
"BK0153","PG0544"
"BK0153","PG0105"
"BK0154","PG1381"
"BK0154","PG0606"
"BK0154","PG1390"
"BK0154","PG1133"
"BK0154","PG0250"
"BK0154","PG0130"
"BK0154","PG1377"
"BK0154","PG0216"
"BK0155","PG0488"
"BK0155","PG1018"
"BK0156","PG1074"
"BK0156","PG1518"
"BK0156","PG0150"
"BK0156","PG0405"
"BK0156","PG0862"
"BK0156","PG0980"
"BK0156","PG0166"
"BK0156","PG0734"
"BK0156","PG1547"
"BK0157","PG1291"
"BK0157","PG0706"
"BK0157","PG0961"
"BK0157","PG1189"
"BK0157","PG1009"
"BK0157","PG0019"
"BK0157","PG0434"
"BK0158","PG1030"
"BK0158","PG0153"
"BK0158","PG0030"
"BK0158","PG1123"
"BK0158","PG1316"
"BK0158","PG0721"
"BK0159","PG0815"
"BK0159","PG0150"
"BK0159","PG1082"
"BK0159","PG0384"
"BK0159","PG1341"
"BK0159","PG0774"
"BK0159","PG0541"
"BK0159","PG1189"
"BK0159","PG0778"
"BK0159","PG0644"
"BK0160","PG1340"
"BK0160","PG0870"
"BK0160","PG0577"
"BK0161","PG0040"
"BK0161","PG0709"
"BK0161","PG1165"
"BK0161","PG0740"
"BK0161","PG1405"
"BK0162","PG1350"
"BK0162","PG0486"
"BK0162","PG0646"
"BK0162","PG0899"
"BK0162","PG1536"
"BK0163","PG0539"
"BK0163","PG1280"
"BK0163","PG0725"
"BK0163","PG1331"
"BK0163","PG0693"
"BK0163","PG1267"
"BK0163","PG1212"
"BK0163","PG0679"
"BK0163","PG0624"
"BK0163","PG0973"
"BK0163","PG1259"
"BK0164","PG0504"
"BK0164","PG0191"
"BK0164","PG1437"
"BK0165","PG0161"
"BK0165","PG1331"
"BK0165","PG0884"
"BK0165","PG0552"
"BK0165","PG1079"
"BK0165","PG0139"
"BK0165","PG1535"
"BK0166","PG0836"
"BK0166","PG1441"
"BK0166","PG1463"
"BK0166","PG0915"
"BK0166","PG0052"
"BK0166","PG0895"
"BK0166","PG1476"
"BK0166","PG0244"
"BK0167","PG0914"
"BK0167","PG0901"
"BK0167","PG0483"
"BK0167","PG0472"
"BK0167","PG1101"
"BK0167","PG0469"
"BK0167","PG0456"
"BK0168","PG0609"
"BK0168","PG0141"
"BK0168","PG1356"
"BK0168","PG1233"
"BK0168","PG0854"
"BK0168","PG1436"
"BK0169","PG0084"
"BK0169","PG1395"
"BK0170","PG0626"
"BK0170","PG1417"
"BK0170","PG0509"
"BK0170","PG1356"
"BK0170","PG1070"
"BK0170","PG1092"
"BK0170","PG1459"
"BK0170","PG1216"
"BK0170","PG0621"
"BK0170","PG1457"
"BK0171","PG1370"
"BK0171","PG1560"
"BK0171","PG0037"
"BK0171","PG0950"
"BK0171","PG1212"
"BK0172","PG1252"
"BK0172","PG1130"
"BK0172","PG0262"
"BK0172","PG1334"
"BK0172","PG0331"
"BK0172","PG0772"
"BK0172","PG1376"
"BK0172","PG1128"
"BK0172","PG0985"
"BK0173","PG1173"
"BK0173","PG0072"
"BK0173","PG0716"
"BK0173","PG1093"
"BK0173","PG1108"
"BK0173","PG1116"
"BK0174","PG0442"
"BK0174","PG1105"
"BK0175","PG0837"
"BK0175","PG0438"
"BK0175","PG1269"
"BK0175","PG0212"
"BK0175","PG1405"
"BK0175","PG0137"
"BK0176","PG0447"
"BK0176","PG0316"
"BK0177","PG0193"
"BK0177","PG0330"
"BK0177","PG0995"
"BK0178","PG0759"
"BK0178","PG1293"
"BK0178","PG0906"
"BK0178","PG1231"
"BK0178","PG1241"
"BK0178","PG1262"
"BK0178","PG1049"
"BK0178","PG0255"
"BK0179","PG0590"
"BK0179","PG0518"
"BK0179","PG0625"
"BK0179","PG0230"
"BK0179","PG0849"
"BK0179","PG0272"
"BK0179","PG1477"
"BK0179","PG0199"
"BK0179","PG0612"
"BK0179","PG1416"
"BK0179","PG1349"
"BK0180","PG1111"
"BK0180","PG1373"
"BK0180","PG0763"
"BK0180","PG0343"
"BK0180","PG1239"
"BK0180","PG0435"
"BK0180","PG1347"
"BK0181","PG1352"
"BK0181","PG0374"
"BK0181","PG0154"
"BK0181","PG1197"
"BK0181","PG0948"
"BK0181","PG0037"
"BK0181","PG0584"
"BK0181","PG0332"
"BK0181","PG0656"
"BK0181","PG1349"
"BK0181","PG0886"
"BK0182","PG0368"
"BK0182","PG1534"
"BK0183","PG0605"
"BK0183","PG1517"
"BK0183","PG0735"
"BK0183","PG1318"
"BK0183","PG0044"
"BK0183","PG1049"
"BK0183","PG1410"
"BK0183","PG1431"
"BK0183","PG0134"
"BK0183","PG0744"
"BK0184","PG1188"
"BK0184","PG1462"
"BK0184","PG0808"
"BK0184","PG0299"
"BK0185","PG0055"
"BK0185","PG0797"
"BK0186","PG1392"
"BK0186","PG1507"
"BK0186","PG1439"
"BK0186","PG1001"
"BK0186","PG0175"
"BK0186","PG0264"
"BK0186","PG1550"
"BK0186","PG1251"
"BK0186","PG1157"
"BK0186","PG1249"
"BK0186","PG0973"
"BK0187","PG0293"
"BK0187","PG0758"
"BK0187","PG0824"
"BK0187","PG0929"
"BK0187","PG0782"
"BK0187","PG0228"
"BK0187","PG0789"
"BK0188","PG0826"
"BK0188","PG0340"
"BK0188","PG1364"
"BK0188","PG0519"
"BK0188","PG0849"
"BK0188","PG0619"
"BK0188","PG0355"
"BK0188","PG1079"
"BK0188","PG0678"
"BK0189","PG0263"
"BK0189","PG0054"
"BK0189","PG0552"
"BK0189","PG0225"
"BK0189","PG0687"
"BK0190","PG0606"
"BK0190","PG0639"
"BK0190","PG1170"
"BK0190","PG0020"
"BK0190","PG0210"
"BK0190","PG1525"
"BK0190","PG0665"
"BK0190","PG0633"
"BK0191","PG0083"
"BK0191","PG0160"
"BK0191","PG0868"
"BK0191","PG0323"
"BK0191","PG0697"
"BK0191","PG0398"
"BK0191","PG0453"
"BK0191","PG0640"
"BK0191","PG0954"
"BK0191","PG0742"
"BK0191","PG0346"
"BK0192","PG1096"
"BK0192","PG0062"
"BK0192","PG1165"
"BK0192","PG1273"
"BK0192","PG0411"
"BK0192","PG1548"
"BK0192","PG0753"
"BK0192","PG0137"
"BK0193","PG0638"
"BK0193","PG0260"
"BK0193","PG0603"
"BK0193","PG0165"
"BK0193","PG0352"
"BK0193","PG1262"
"BK0193","PG0301"
"BK0193","PG0268"
"BK0193","PG1339"
"BK0193","PG0104"
"BK0194","PG0218"
"BK0194","PG0224"
"BK0195","PG1281"
"BK0195","PG1364"
"BK0195","PG0143"
"BK0195","PG0383"
"BK0195","PG1284"
"BK0195","PG0136"
"BK0195","PG1338"
"BK0195","PG0621"
"BK0195","PG0633"
"BK0195","PG1325"
"BK0195","PG1424"
"BK0196","PG0649"
"BK0196","PG0562"
"BK0196","PG0613"
"BK0197","PG1071"
"BK0197","PG1383"
"BK0197","PG1258"
"BK0197","PG0300"
"BK0197","PG0411"
"BK0197","PG0664"
"BK0197","PG1443"
"BK0197","PG0822"
"BK0197","PG0775"
"BK0198","PG1539"
"BK0198","PG0708"
"BK0198","PG0131"
"BK0198","PG0230"
"BK0198","PG0032"
"BK0198","PG0011"
"BK0198","PG1550"
"BK0198","PG1460"
"BK0198","PG0240"
"BK0198","PG1488"
"BK0198","PG0698"
"BK0199","PG1072"
"BK0199","PG1243"
"BK0199","PG1302"
"BK0199","PG0378"
"BK0199","PG1004"
"BK0199","PG0103"
"BK0199","PG0794"
"BK0199","PG0667"
"BK0199","PG1526"
"BK0200","PG0594"
"BK0200","PG0831"
"BK0200","PG0963"
"BK0201","PG1140"
"BK0201","PG1480"
"BK0201","PG0725"
"BK0201","PG1198"
"BK0201","PG0382"
"BK0201","PG0058"
"BK0201","PG0531"
"BK0201","PG0144"
"BK0201","PG1354"
"BK0201","PG0387"
"BK0201","PG0700"
"BK0202","PG1231"
"BK0202","PG1153"
"BK0203","PG0471"
"BK0203","PG1246"
"BK0203","PG1466"
"BK0203","PG0540"
"BK0203","PG0035"
"BK0203","PG0458"
"BK0203","PG0335"
"BK0204","PG0260"
"BK0204","PG1126"
"BK0204","PG0388"
"BK0204","PG0500"
"BK0205","PG1419"
"BK0205","PG0470"
"BK0205","PG0104"
"BK0205","PG0973"
"BK0206","PG0171"
"BK0206","PG0444"
"BK0206","PG0744"
"BK0207","PG0768"
"BK0207","PG1078"
"BK0207","PG1561"
"BK0207","PG0789"
"BK0207","PG0335"
"BK0208","PG0967"
"BK0208","PG1010"
"BK0208","PG0124"
"BK0208","PG1500"
"BK0208","PG1026"
"BK0208","PG1278"
"BK0208","PG0007"
"BK0208","PG0522"
"BK0208","PG0456"
"BK0208","PG1149"
"BK0208","PG0039"
"BK0209","PG1490"
"BK0209","PG1197"
"BK0209","PG1459"
"BK0209","PG1448"
"BK0209","PG0116"
"BK0210","PG0990"
"BK0210","PG1303"
"BK0211","PG1194"
"BK0211","PG0427"
"BK0211","PG0131"
"BK0211","PG1541"
"BK0211","PG0811"
"BK0211","PG0401"
"BK0211","PG0699"
"BK0212","PG1342"
"BK0212","PG0953"
"BK0213","PG0491"
"BK0213","PG0318"
"BK0213","PG1242"
"BK0213","PG0184"
"BK0213","PG0251"
"BK0213","PG0460"
"BK0213","PG0353"
"BK0213","PG0255"
"BK0213","PG0387"
"BK0213","PG0964"
"BK0213","PG1526"
"BK0214","PG0670"
"BK0214","PG1462"
"BK0214","PG0371"
"BK0214","PG0125"
"BK0214","PG0662"
"BK0214","PG0711"
"BK0214","PG0877"
"BK0214","PG1513"
"BK0215","PG1522"
"BK0215","PG0135"
"BK0215","PG0502"
"BK0215","PG0787"
"BK0216","PG1073"
"BK0216","PG0406"
"BK0216","PG0142"
"BK0216","PG0461"
"BK0216","PG0916"
"BK0216","PG1489"
"BK0216","PG1410"
"BK0216","PG0893"
"BK0216","PG1092"
"BK0216","PG0679"
"BK0216","PG0985"
"BK0217","PG1166"
"BK0217","PG0560"
"BK0217","PG0750"
"BK0217","PG0469"
"BK0218","PG0517"
"BK0218","PG1281"
"BK0218","PG0559"
"BK0218","PG0851"
"BK0218","PG0963"
"BK0219","PG0268"
"BK0219","PG0909"
"BK0219","PG0622"
"BK0219","PG1259"
"BK0219","PG0963"
"BK0220","PG0999"
"BK0220","PG0505"
"BK0220","PG0959"
"BK0220","PG1362"
"BK0220","PG0015"
"BK0220","PG0215"
"BK0221","PG1439"
"BK0221","PG1471"
"BK0221","PG1530"
"BK0222","PG1073"
"BK0222","PG1292"
"BK0222","PG1143"
"BK0222","PG0492"
"BK0222","PG1379"
"BK0222","PG0809"
"BK0222","PG0898"
"BK0222","PG0634"
"BK0223","PG0825"
"BK0223","PG0061"
"BK0223","PG0092"
"BK0223","PG0219"
"BK0223","PG1132"
"BK0223","PG1471"
"BK0223","PG0950"
"BK0223","PG0331"
"BK0223","PG0668"
"BK0224","PG0968"
"BK0224","PG0823"
"BK0224","PG0330"
"BK0224","PG1383"
"BK0224","PG0212"
"BK0224","PG0454"
"BK0224","PG0411"
"BK0224","PG0026"
"BK0224","PG0694"
"BK0224","PG0227"
"BK0224","PG0159"
"BK0225","PG0957"
"BK0225","PG0285"
"BK0225","PG0937"
"BK0225","PG0157"
"BK0225","PG0014"
"BK0225","PG1123"
"BK0225","PG1299"
"BK0225","PG0898"
"BK0225","PG0897"
"BK0226","PG0455"
"BK0226","PG1532"
"BK0226","PG1113"
"BK0226","PG0078"
"BK0226","PG0953"
"BK0226","PG0359"
"BK0226","PG0712"
"BK0226","PG0091"
"BK0227","PG0208"
"BK0227","PG0593"
"BK0227","PG1384"
"BK0227","PG0372"
"BK0227","PG0663"
"BK0227","PG0058"
"BK0227","PG1246"
"BK0228","PG0229"
"BK0228","PG1088"
"BK0228","PG0278"
"BK0228","PG0122"
"BK0228","PG1526"
"BK0229","PG1540"
"BK0229","PG0850"
"BK0229","PG0686"
"BK0229","PG0899"
"BK0229","PG0666"
"BK0230","PG0515"
"BK0230","PG0109"
"BK0230","PG0595"
"BK0230","PG1277"
"BK0231","PG0490"
"BK0231","PG0869"
"BK0231","PG0738"
"BK0231","PG0392"
"BK0231","PG1397"
"BK0231","PG0904"
"BK0231","PG1027"
"BK0231","PG1345"
"BK0232","PG0054"
"BK0232","PG0994"
"BK0232","PG0809"
"BK0232","PG1443"
"BK0232","PG1388"
"BK0232","PG0029"
"BK0233","PG1143"
"BK0233","PG1285"
"BK0233","PG0731"
"BK0234","PG0180"
"BK0234","PG0164"
"BK0234","PG0384"
"BK0234","PG0873"
"BK0234","PG0356"
"BK0234","PG0973"
"BK0234","PG1017"
"BK0235","PG0859"
"BK0235","PG1270"
"BK0235","PG0131"
"BK0235","PG0026"
"BK0235","PG0554"
"BK0235","PG1048"
"BK0235","PG1464"
"BK0235","PG0503"
"BK0235","PG0533"
"BK0235","PG0897"
"BK0236","PG1287"
"BK0236","PG0041"
"BK0236","PG1152"
"BK0237","PG0407"
"BK0237","PG0649"
"BK0237","PG0936"
"BK0237","PG1020"
"BK0237","PG0300"
"BK0237","PG1554"
"BK0237","PG0574"
"BK0237","PG0700"
"BK0237","PG1515"
"BK0237","PG0643"
"BK0238","PG0759"
"BK0238","PG0381"
"BK0238","PG1023"
"BK0238","PG0087"
"BK0238","PG0580"
"BK0238","PG1097"
"BK0238","PG1224"
"BK0238","PG1403"
"BK0239","PG0858"
"BK0239","PG1150"
"BK0239","PG0194"
"BK0239","PG0150"
"BK0239","PG0587"
"BK0239","PG0551"
"BK0239","PG1343"
"BK0239","PG0536"
"BK0239","PG1525"
"BK0239","PG1557"
"BK0239","PG0566"
"BK0240","PG1518"
"BK0240","PG0907"
"BK0240","PG0344"
"BK0240","PG0841"
"BK0241","PG0229"
"BK0241","PG0725"
"BK0241","PG1104"
"BK0241","PG0452"
"BK0241","PG0080"
"BK0241","PG0633"
"BK0242","PG1001"
"BK0242","PG0362"
"BK0242","PG0792"
"BK0242","PG0471"
"BK0242","PG1146"
"BK0242","PG0612"
"BK0242","PG0525"
"BK0242","PG0767"
"BK0242","PG0478"
"BK0242","PG1204"
"BK0243","PG1507"
"BK0243","PG1011"
"BK0243","PG0523"
"BK0244","PG0703"
"BK0244","PG0352"
"BK0244","PG0672"
"BK0244","PG1347"
"BK0245","PG0649"
"BK0245","PG1361"
"BK0245","PG1302"
"BK0245","PG0278"
"BK0245","PG0136"
"BK0245","PG1224"
"BK0245","PG0002"
"BK0245","PG0525"
"BK0245","PG0226"
"BK0246","PG0174"
"BK0246","PG1350"
"BK0246","PG0763"
"BK0246","PG0200"
"BK0247","PG0924"
"BK0247","PG0945"
"BK0247","PG0586"
"BK0247","PG1257"
"BK0247","PG0023"
"BK0247","PG1339"
"BK0247","PG1107"
"BK0247","PG1514"
"BK0247","PG0247"
"BK0248","PG0957"
"BK0248","PG1089"
"BK0248","PG0250"
"BK0248","PG0476"
"BK0248","PG0400"
"BK0248","PG1322"
"BK0248","PG0189"
"BK0249","PG0967"
"BK0249","PG1527"
"BK0249","PG1361"
"BK0249","PG1533"
"BK0249","PG0277"
"BK0249","PG1079"
"BK0249","PG0987"
"BK0249","PG1008"
"BK0249","PG0775"
"BK0250","PG1061"
"BK0250","PG0181"
"BK0250","PG1430"
"BK0250","PG0670"
"BK0250","PG0473"
"BK0250","PG1087"
"BK0250","PG1042"
"BK0250","PG0452"
"BK0250","PG0332"
"BK0250","PG0313"
"BK0251","PG1391"
"BK0251","PG0257"
"BK0251","PG0430"
"BK0251","PG1179"
"BK0251","PG0364"
"BK0251","PG0970"
"BK0252","PG0419"
"BK0252","PG0328"
"BK0252","PG0912"
"BK0252","PG0261"
"BK0252","PG0542"
"BK0252","PG0046"
"BK0253","PG1527"
"BK0253","PG0132"
"BK0253","PG0245"
"BK0253","PG1541"
"BK0253","PG0997"
"BK0253","PG0778"
"BK0253","PG1502"
"BK0253","PG0852"
"BK0254","PG0978"
"BK0254","PG1471"
"BK0255","PG0293"
"BK0255","PG0098"
"BK0255","PG1045"
"BK0255","PG0849"
"BK0255","PG1202"
"BK0255","PG1201"
"BK0255","PG0012"
"BK0255","PG1476"
"BK0255","PG0882"
"BK0255","PG0259"
"BK0255","PG1149"
"BK0256","PG0704"
"BK0256","PG0529"
"BK0256","PG1375"
"BK0256","PG0252"
"BK0256","PG1235"
"BK0256","PG0772"
"BK0256","PG0761"
"BK0256","PG0139"
"BK0256","PG1547"
"BK0256","PG1426"
"BK0256","PG0313"
"BK0257","PG0771"
"BK0257","PG0842"
"BK0258","PG1184"
"BK0258","PG1052"
"BK0258","PG0516"
"BK0258","PG1473"
"BK0258","PG0827"
"BK0258","PG0388"
"BK0258","PG0862"
"BK0258","PG0684"
"BK0258","PG1530"
"BK0258","PG1414"
"BK0258","PG0611"
"BK0259","PG0340"
"BK0259","PG1044"
"BK0259","PG0495"
"BK0259","PG0728"
"BK0259","PG0031"
"BK0259","PG0243"
"BK0259","PG0874"
"BK0259","PG0578"
"BK0259","PG1523"
"BK0260","PG1030"
"BK0260","PG1480"
"BK0260","PG0066"
"BK0260","PG0168"
"BK0260","PG0204"
"BK0261","PG0605"
"BK0261","PG0812"
"BK0261","PG0278"
"BK0261","PG0474"
"BK0261","PG0313"
"BK0262","PG0702"
"BK0262","PG0042"
"BK0262","PG0117"
"BK0262","PG0984"
"BK0263","PG1085"
"BK0263","PG0309"
"BK0263","PG0703"
"BK0263","PG1342"
"BK0263","PG0342"
"BK0263","PG1305"
"BK0264","PG0639"
"BK0264","PG1122"
"BK0264","PG0021"
"BK0264","PG0032"
"BK0264","PG1264"
"BK0264","PG1211"
"BK0264","PG0783"
"BK0264","PG0557"
"BK0264","PG0348"
"BK0264","PG0302"
"BK0265","PG1062"
"BK0265","PG0581"
"BK0265","PG0464"
"BK0265","PG1002"
"BK0265","PG0248"
"BK0266","PG0856"
"BK0266","PG0750"
"BK0266","PG0634"
"BK0267","PG0339"
"BK0267","PG1428"
"BK0267","PG0505"
"BK0267","PG0230"
"BK0267","PG0629"
"BK0267","PG1442"
"BK0268","PG1482"
"BK0268","PG1377"
"BK0268","PG0882"
"BK0269","PG0527"
"BK0269","PG0553"
"BK0269","PG1499"
"BK0269","PG0980"
"BK0269","PG0369"
"BK0270","PG0726"
"BK0270","PG0879"
"BK0270","PG1287"
"BK0270","PG1274"
"BK0270","PG0289"
"BK0271","PG1274"
"BK0271","PG1262"
"BK0271","PG1119"
"BK0271","PG1557"
"BK0271","PG0731"
"BK0271","PG0347"
"BK0272","PG0429"
"BK0272","PG1452"
"BK0272","PG0719"
"BK0272","PG1026"
"BK0272","PG0882"
"BK0272","PG0415"
"BK0272","PG1129"
"BK0272","PG0577"
"BK0273","PG1209"
"BK0273","PG0363"
"BK0274","PG0150"
"BK0274","PG1484"
"BK0274","PG1251"
"BK0274","PG0763"
"BK0274","PG0221"
"BK0274","PG0584"
"BK0274","PG0404"
"BK0274","PG0080"
"BK0275","PG0808"
"BK0275","PG0838"
"BK0275","PG0031"
"BK0275","PG0188"
"BK0275","PG0810"
"BK0275","PG0734"
"BK0275","PG0723"
"BK0275","PG0864"
"BK0275","PG1138"
"BK0276","PG0848"
"BK0276","PG0082"
"BK0276","PG0461"
"BK0276","PG0077"
"BK0276","PG1043"
"BK0276","PG0707"
"BK0276","PG0577"
"BK0276","PG0578"
"BK0277","PG1450"
"BK0277","PG1378"
"BK0277","PG1035"
"BK0277","PG0156"
"BK0277","PG0478"
"BK0277","PG0710"
"BK0278","PG0709"
"BK0278","PG0224"
"BK0278","PG1191"
"BK0278","PG1535"
"BK0278","PG0149"
"BK0279","PG1257"
"BK0279","PG1178"
"BK0280","PG0738"
"BK0280","PG0439"
"BK0280","PG0670"
"BK0280","PG0807"
"BK0280","PG1142"
"BK0280","PG1145"
"BK0280","PG0304"
"BK0280","PG0678"
"BK0280","PG1206"
"BK0281","PG0902"
"BK0281","PG1507"
"BK0281","PG0507"
"BK0281","PG0758"
"BK0281","PG1346"
"BK0281","PG1101"
"BK0281","PG1244"
"BK0281","PG0623"
"BK0281","PG1019"
"BK0281","PG0995"
"BK0282","PG1133"
"BK0282","PG0263"
"BK0282","PG0396"
"BK0282","PG1396"
"BK0282","PG0728"
"BK0282","PG0422"
"BK0282","PG0019"
"BK0282","PG0646"
"BK0282","PG0303"
"BK0283","PG1085"
"BK0283","PG0902"
"BK0283","PG0648"
"BK0283","PG0484"
"BK0283","PG1036"
"BK0283","PG1008"
"BK0284","PG0759"
"BK0284","PG1485"
"BK0284","PG0301"
"BK0284","PG1211"
"BK0284","PG1008"
"BK0285","PG0170"
"BK0285","PG0297"
"BK0285","PG1471"
"BK0285","PG0146"
"BK0285","PG1278"
"BK0285","PG0239"
"BK0285","PG0335"
"BK0285","PG0369"
"BK0286","PG1062"
"BK0286","PG0531"
"BK0286","PG0961"
"BK0287","PG0506"
"BK0287","PG1150"
"BK0287","PG0812"
"BK0287","PG1135"
"BK0287","PG0656"
"BK0287","PG0700"
"BK0287","PG0712"
"BK0288","PG0131"
"BK0288","PG0087"
"BK0288","PG0361"
"BK0288","PG1324"
"BK0288","PG0289"
"BK0288","PG0579"
"BK0288","PG1416"
"BK0288","PG1326"
"BK0288","PG0974"
"BK0288","PG1424"
"BK0288","PG0710"
"BK0289","PG0182"
"BK0289","PG0737"
"BK0289","PG0110"
"BK0289","PG0908"
"BK0289","PG0502"
"BK0289","PG0514"
"BK0290","PG0616"
"BK0290","PG1260"
"BK0290","PG1055"
"BK0290","PG0971"
"BK0290","PG0037"
"BK0290","PG1147"
"BK0290","PG0554"
"BK0290","PG0488"
"BK0290","PG0067"
"BK0290","PG0320"
"BK0291","PG1221"
"BK0291","PG1000"
"BK0291","PG0932"
"BK0291","PG0215"
"BK0292","PG0183"
"BK0292","PG0619"
"BK0292","PG1313"
"BK0292","PG0100"
"BK0292","PG0661"
"BK0292","PG1222"
"BK0292","PG0951"
"BK0292","PG1226"
"BK0292","PG0831"
"BK0292","PG1479"
"BK0293","PG0768"
"BK0293","PG0048"
"BK0293","PG1333"
"BK0293","PG0013"
"BK0293","PG0995"
"BK0293","PG1139"
"BK0294","PG1095"
"BK0294","PG1010"
"BK0294","PG1456"
"BK0294","PG0870"
"BK0294","PG0386"
"BK0294","PG1475"
"BK0294","PG1207"
"BK0294","PG1436"
"BK0294","PG0204"
"BK0295","PG1282"
"BK0295","PG1082"
"BK0295","PG1156"
"BK0295","PG0139"
"BK0295","PG0445"
"BK0295","PG1304"
"BK0296","PG1360"
"BK0296","PG1292"
"BK0296","PG0548"
"BK0296","PG0390"
"BK0296","PG1364"
"BK0296","PG1021"
"BK0296","PG0079"
"BK0297","PG1507"
"BK0297","PG1071"
"BK0297","PG1430"
"BK0297","PG0906"
"BK0297","PG0113"
"BK0297","PG0331"
"BK0297","PG0265"
"BK0297","PG0203"
"BK0298","PG0529"
"BK0298","PG0020"
"BK0298","PG1014"
"BK0298","PG0221"
"BK0298","PG1080"
"BK0298","PG0952"
"BK0299","PG0507"
"BK0299","PG0285"
"BK0299","PG0396"
"BK0299","PG0124"
"BK0299","PG0980"
"BK0299","PG0424"
"BK0300","PG0251"
"BK0300","PG1310"
"BK0300","PG1559"
"BK0300","PG0434"
"BK0300","PG0710"
"BK0300","PG1314"
"BK0301","PG1261"
"BK0301","PG0517"
"BK0301","PG1562"
"BK0301","PG0580"
"BK0301","PG0553"
"BK0301","PG1103"
"BK0301","PG0510"
"BK0301","PG0431"
"BK0301","PG0205"
"BK0302","PG0429"
"BK0302","PG0814"
"BK0302","PG0967"
"BK0302","PG0043"
"BK0302","PG1199"
"BK0302","PG1016"
"BK0302","PG1520"
"BK0302","PG0871"
"BK0302","PG0986"
"BK0302","PG0305"
"BK0303","PG1294"
"BK0303","PG1272"
"BK0303","PG0516"
"BK0303","PG0604"
"BK0303","PG0096"
"BK0303","PG0443"
"BK0303","PG1489"
"BK0303","PG1498"
"BK0304","PG0749"
"BK0304","PG1307"
"BK0304","PG0891"
"BK0304","PG0519"
"BK0304","PG0284"
"BK0304","PG1372"
"BK0304","PG1449"
"BK0304","PG1190"
"BK0304","PG0743"
"BK0304","PG0589"
"BK0305","PG0824"
"BK0305","PG0521"
"BK0305","PG0166"
"BK0305","PG0464"
"BK0305","PG1337"
"BK0306","PG1329"
"BK0306","PG1306"
"BK0307","PG0360"
"BK0307","PG1373"
"BK0307","PG0014"
"BK0307","PG0766"
"BK0307","PG0800"
"BK0307","PG1337"
"BK0307","PG0556"
"BK0308","PG0702"
"BK0308","PG1406"
"BK0308","PG0813"
"BK0308","PG0137"
"BK0309","PG0527"
"BK0309","PG1504"
"BK0309","PG1525"
"BK0309","PG0731"
"BK0309","PG0423"
"BK0310","PG0131"
"BK0310","PG0819"
"BK0310","PG1444"
"BK0310","PG0502"
"BK0311","PG0180"
"BK0311","PG0295"
"BK0311","PG0053"
"BK0311","PG1128"
"BK0312","PG1480"
"BK0312","PG0966"
"BK0312","PG0680"
"BK0312","PG1303"
"BK0313","PG1040"
"BK0313","PG0614"
"BK0313","PG1296"
"BK0313","PG1054"
"BK0313","PG0690"
"BK0313","PG1008"
"BK0314","PG0548"
"BK0314","PG0329"
"BK0314","PG1177"
"BK0314","PG0374"
"BK0314","PG1326"
"BK0315","PG1393"
"BK0315","PG1286"
"BK0315","PG0690"
"BK0315","PG0361"
"BK0315","PG1324"
"BK0315","PG1169"
"BK0315","PG0125"
"BK0315","PG0265"
"BK0315","PG0346"
"BK0316","PG0515"
"BK0316","PG0505"
"BK0316","PG0472"
"BK0316","PG0288"
"BK0316","PG0035"
"BK0316","PG0178"
"BK0316","PG0403"
"BK0316","PG0654"
"BK0317","PG1045"
"BK0317","PG1133"
"BK0317","PG1434"
"BK0317","PG1103"
"BK0317","PG0298"
"BK0317","PG0107"
"BK0317","PG0446"
"BK0318","PG1294"
"BK0318","PG0527"
"BK0318","PG1483"
"BK0318","PG0642"
"BK0318","PG0158"
"BK0318","PG0557"
"BK0319","PG0702"
"BK0319","PG1539"
"BK0319","PG1208"
"BK0319","PG0451"
"BK0319","PG0894"
"BK0319","PG0353"
"BK0319","PG1025"
"BK0319","PG0167"
"BK0319","PG1205"
"BK0320","PG0625"
"BK0320","PG1232"
"BK0320","PG0041"
"BK0320","PG0487"
"BK0320","PG0111"
"BK0320","PG0881"
"BK0320","PG0145"
"BK0320","PG0469"
"BK0320","PG0734"
"BK0320","PG1369"
"BK0320","PG0237"
"BK0321","PG1040"
"BK0321","PG0318"
"BK0321","PG0044"
"BK0321","PG0363"
"BK0321","PG0630"
"BK0321","PG1477"
"BK0321","PG0452"
"BK0321","PG1179"
"BK0321","PG0200"
"BK0321","PG1425"
"BK0321","PG1435"
"BK0322","PG0232"
"BK0322","PG1201"
"BK0323","PG0451"
"BK0323","PG0409"
"BK0323","PG0980"
"BK0323","PG0343"
"BK0323","PG0943"
"BK0323","PG1502"
"BK0323","PG1315"
"BK0323","PG1204"
"BK0324","PG0051"
"BK0324","PG0669"
"BK0324","PG1022"
"BK0324","PG0707"
"BK0324","PG0001"
"BK0324","PG0112"
"BK0324","PG0761"
"BK0324","PG1070"
"BK0324","PG0236"
"BK0324","PG0028"
"BK0325","PG0779"
"BK0325","PG0093"
"BK0325","PG0934"
"BK0325","PG1484"
"BK0325","PG0993"
"BK0325","PG1169"
"BK0325","PG1365"
"BK0325","PG0117"
"BK0325","PG0965"
"BK0325","PG1337"
"BK0326","PG0914"
"BK0326","PG1287"
"BK0326","PG1396"
"BK0326","PG0046"
"BK0326","PG0811"
"BK0326","PG0841"
"BK0327","PG1252"
"BK0327","PG1257"
"BK0327","PG0188"
"BK0327","PG1436"
"BK0328","PG0902"
"BK0328","PG1397"
"BK0328","PG0384"
"BK0328","PG0618"
"BK0328","PG1026"
"BK0328","PG1466"
"BK0328","PG1299"
"BK0328","PG0458"
"BK0328","PG0643"
"BK0328","PG0787"
"BK0329","PG0847"
"BK0329","PG0427"
"BK0329","PG0923"
"BK0329","PG1452"
"BK0329","PG0125"
"BK0329","PG0004"
"BK0329","PG1311"
"BK0329","PG0909"
"BK0329","PG0128"
"BK0329","PG0106"
"BK0329","PG1545"
"BK0330","PG0614"
"BK0330","PG0857"
"BK0330","PG1417"
"BK0330","PG1363"
"BK0330","PG1297"
"BK0330","PG0691"
"BK0330","PG1511"
"BK0330","PG0398"
"BK0331","PG0157"
"BK0331","PG1313"
"BK0331","PG0645"
"BK0331","PG1514"
"BK0332","PG0726"
"BK0332","PG0869"
"BK0332","PG0329"
"BK0332","PG0252"
"BK0332","PG1262"
"BK0332","PG0400"
"BK0332","PG1026"
"BK0332","PG1255"
"BK0332","PG0930"
"BK0332","PG1303"
"BK0332","PG0006"
"BK0333","PG1474"
"BK0333","PG1188"
"BK0333","PG1100"
"BK0333","PG0971"
"BK0333","PG1223"
"BK0334","PG0606"
"BK0334","PG1507"
"BK0334","PG1342"
"BK0335","PG0727"
"BK0335","PG1364"
"BK0335","PG1445"
"BK0335","PG0443"
"BK0335","PG0201"
"BK0335","PG0117"
"BK0335","PG1557"
"BK0336","PG1280"
"BK0336","PG0505"
"BK0336","PG1038"
"BK0336","PG0862"
"BK0336","PG0232"
"BK0336","PG0024"
"BK0337","PG0074"
"BK0337","PG0332"
"BK0338","PG1318"
"BK0338","PG1197"
"BK0338","PG0680"
"BK0338","PG1157"
"BK0338","PG0342"
"BK0338","PG0563"
"BK0338","PG0711"
"BK0338","PG0128"
"BK0338","PG1127"
"BK0339","PG1271"
"BK0339","PG0197"
"BK0339","PG0143"
"BK0339","PG0085"
"BK0339","PG1302"
"BK0339","PG0125"
"BK0339","PG1228"
"BK0339","PG1249"
"BK0339","PG1347"
"BK0340","PG0693"
"BK0340","PG0455"
"BK0340","PG0145"
"BK0340","PG1338"
"BK0340","PG0830"
"BK0340","PG0886"
"BK0340","PG0215"
"BK0341","PG1296"
"BK0341","PG0387"
"BK0341","PG0645"
"BK0342","PG0081"
"BK0342","PG1077"
"BK0342","PG1042"
"BK0342","PG1005"
"BK0342","PG0157"
"BK0342","PG1469"
"BK0342","PG0567"
"BK0343","PG1408"
"BK0343","PG1155"
"BK0343","PG0673"
"BK0344","PG1045"
"BK0344","PG0682"
"BK0344","PG0880"
"BK0344","PG0275"
"BK0344","PG0650"
"BK0344","PG0387"
"BK0344","PG0244"
"BK0344","PG0734"
"BK0344","PG0588"
"BK0345","PG0417"
"BK0345","PG1113"
"BK0345","PG1216"
"BK0346","PG0072"
"BK0346","PG1382"
"BK0346","PG0391"
"BK0346","PG0862"
"BK0346","PG0277"
"BK0347","PG1494"
"BK0347","PG1069"
"BK0347","PG0530"
"BK0347","PG0789"
"BK0347","PG0226"
"BK0347","PG0358"
"BK0348","PG0319"
"BK0348","PG0384"
"BK0348","PG0064"
"BK0348","PG1246"
"BK0348","PG1355"
"BK0348","PG1449"
"BK0348","PG0855"
"BK0348","PG1557"
"BK0348","PG0204"
"BK0349","PG1280"
"BK0349","PG1170"
"BK0349","PG0361"
"BK0349","PG0168"
"BK0349","PG0213"
"BK0349","PG0731"
"BK0349","PG0875"
"BK0350","PG0096"
"BK0350","PG0394"
"BK0350","PG1038"
"BK0350","PG0821"
"BK0350","PG1504"
"BK0350","PG0789"
"BK0350","PG0555"
"BK0351","PG1093"
"BK0351","PG0396"
"BK0351","PG1443"
"BK0351","PG0166"
"BK0351","PG1124"
"BK0351","PG0459"
"BK0351","PG0434"
"BK0351","PG0204"
"BK0351","PG1039"
"BK0352","PG0956"
"BK0352","PG0703"
"BK0352","PG0607"
"BK0352","PG0691"
"BK0352","PG0168"
"BK0352","PG1410"
"BK0353","PG1408"
"BK0353","PG0406"
"BK0353","PG1361"
"BK0353","PG0790"
"BK0353","PG1020"
"BK0353","PG0971"
"BK0353","PG1349"
"BK0354","PG0869"
"BK0354","PG0370"
"BK0354","PG1094"
"BK0354","PG0768"
"BK0354","PG0132"
"BK0354","PG1236"
"BK0354","PG1543"
"BK0354","PG0287"
"BK0354","PG0585"
"BK0354","PG0503"
"BK0354","PG0886"
"BK0355","PG0280"
"BK0355","PG0291"
"BK0355","PG1021"
"BK0355","PG0295"
"BK0355","PG1295"
"BK0355","PG1015"
"BK0355","PG1378"
"BK0355","PG1377"
"BK0355","PG0221"
"BK0355","PG0976"
"BK0355","PG1326"
"BK0356","PG0915"
"BK0356","PG1457"
"BK0356","PG0325"
"BK0357","PG1051"
"BK0357","PG0659"
"BK0357","PG0341"
"BK0357","PG0261"
"BK0357","PG0642"
"BK0357","PG0367"
"BK0357","PG1415"
"BK0357","PG1523"
"BK0358","PG0285"
"BK0358","PG1356"
"BK0358","PG0631"
"BK0358","PG0610"
"BK0358","PG0896"
"BK0359","PG0051"
"BK0359","PG0988"
"BK0359","PG0857"
"BK0359","PG0937"
"BK0359","PG1027"
"BK0359","PG1334"
"BK0360","PG0180"
"BK0360","PG1538"
"BK0360","PG0187"
"BK0360","PG0337"
"BK0360","PG1413"
"BK0361","PG1257"
"BK0361","PG0463"
"BK0362","PG0539"
"BK0362","PG1342"
"BK0362","PG1551"
"BK0362","PG1176"
"BK0362","PG1241"
"BK0362","PG0003"
"BK0362","PG0265"
"BK0362","PG1058"
"BK0362","PG0117"
"BK0362","PG0534"
"BK0363","PG0451"
"BK0363","PG1314"
"BK0364","PG1409"
"BK0364","PG1194"
"BK0364","PG0439"
"BK0364","PG0262"
"BK0364","PG0016"
"BK0364","PG1127"
"BK0365","PG0716"
"BK0365","PG1088"
"BK0365","PG1010"
"BK0365","PG0581"
"BK0365","PG1543"
"BK0365","PG1125"
"BK0365","PG1036"
"BK0365","PG0547"
"BK0365","PG1304"
"BK0365","PG1535"
"BK0366","PG1121"
"BK0366","PG0272"
"BK0366","PG1025"
"BK0367","PG1480"
"BK0367","PG0087"
"BK0367","PG0462"
"BK0367","PG0334"
"BK0367","PG0298"
"BK0367","PG0540"
"BK0368","PG0925"
"BK0368","PG1538"
"BK0368","PG1287"
"BK0368","PG0543"
"BK0368","PG0089"
"BK0368","PG0349"
"BK0369","PG0119"
"BK0369","PG1539"
"BK0369","PG1291"
"BK0369","PG0516"
"BK0369","PG0373"
"BK0369","PG0482"
"BK0369","PG1174"
"BK0369","PG0235"
"BK0369","PG0975"
"BK0369","PG1248"
"BK0370","PG0905"
"BK0370","PG0784"
"BK0370","PG0980"
"BK0370","PG0024"
"BK0370","PG1548"
"BK0370","PG0557"
"BK0371","PG0999"
"BK0371","PG1066"
"BK0371","PG0020"
"BK0371","PG0036"
"BK0371","PG1157"
"BK0371","PG0458"
"BK0371","PG0568"
"BK0371","PG0423"
"BK0372","PG0270"
"BK0372","PG0539"
"BK0372","PG1280"
"BK0372","PG0482"
"BK0372","PG1383"
"BK0372","PG1555"
"BK0372","PG0398"
"BK0372","PG0558"
"BK0372","PG0864"
"BK0373","PG1170"
"BK0373","PG1089"
"BK0373","PG1234"
"BK0373","PG1300"
"BK0373","PG1119"
"BK0373","PG0886"
"BK0374","PG0429"
"BK0374","PG0241"
"BK0374","PG1034"
"BK0374","PG0762"
"BK0374","PG0882"
"BK0374","PG0497"
"BK0374","PG0601"
"BK0374","PG1503"
"BK0375","PG0290"
"BK0375","PG0151"
"BK0375","PG1241"
"BK0375","PG0973"
"BK0375","PG1249"
"BK0376","PG0021"
"BK0376","PG0179"
"BK0376","PG0851"
"BK0376","PG0444"
"BK0376","PG0298"
"BK0376","PG0574"
"BK0376","PG0266"
"BK0376","PG0249"
"BK0376","PG0448"
"BK0376","PG0489"
"BK0376","PG0413"
"BK0377","PG0803"
"BK0377","PG0617"
"BK0377","PG0606"
"BK0377","PG0408"
"BK0377","PG0070"
"BK0377","PG0098"
"BK0377","PG0025"
"BK0377","PG1555"
"BK0377","PG0574"
"BK0377","PG0315"
"BK0378","PG0507"
"BK0378","PG0746"
"BK0378","PG1026"
"BK0378","PG1479"
"BK0379","PG1194"
"BK0379","PG0092"
"BK0379","PG0999"
"BK0379","PG0615"
"BK0379","PG0487"
"BK0379","PG1348"
"BK0380","PG0108"
"BK0380","PG0252"
"BK0380","PG0064"
"BK0380","PG1520"
"BK0380","PG0149"
"BK0381","PG1473"
"BK0381","PG0876"
"BK0381","PG0546"
"BK0381","PG1180"
"BK0381","PG0754"
"BK0382","PG0170"
"BK0382","PG1540"
"BK0382","PG0850"
"BK0382","PG1028"
"BK0383","PG0564"
"BK0383","PG1092"
"BK0383","PG1149"
"BK0384","PG1085"
"BK0384","PG1088"
"BK0384","PG0140"
"BK0384","PG1277"
"BK0384","PG0259"
"BK0384","PG1358"
"BK0385","PG0605"
"BK0385","PG0046"
"BK0386","PG0858"
"BK0386","PG1062"
"BK0386","PG0747"
"BK0386","PG1136"
"BK0387","PG0182"
"BK0387","PG0484"
"BK0387","PG0042"
"BK0387","PG0210"
"BK0387","PG0232"
"BK0387","PG1018"
"BK0387","PG0798"
"BK0388","PG0351"
"BK0388","PG0264"
"BK0388","PG0916"
"BK0388","PG1411"
"BK0388","PG0012"
"BK0388","PG1476"
"BK0388","PG1448"
"BK0388","PG0588"
"BK0388","PG0963"
"BK0389","PG0741"
"BK0389","PG0299"
"BK0389","PG0733"
"BK0389","PG1469"
"BK0389","PG0006"
"BK0390","PG1392"
"BK0390","PG1319"
"BK0390","PG1440"
"BK0390","PG1471"
"BK0390","PG0740"
"BK0390","PG1169"
"BK0390","PG0037"
"BK0390","PG0881"
"BK0390","PG0404"
"BK0390","PG0129"
"BK0390","PG0721"
"BK0391","PG0814"
"BK0391","PG0093"
"BK0391","PG0956"
"BK0391","PG1077"
"BK0391","PG1450"
"BK0391","PG0554"
"BK0391","PG0687"
"BK0392","PG0289"
"BK0392","PG0276"
"BK0392","PG1014"
"BK0392","PG1431"
"BK0393","PG0308"
"BK0393","PG1120"
"BK0393","PG0927"
"BK0393","PG1064"
"BK0393","PG0796"
"BK0393","PG1124"
"BK0393","PG1359"
"BK0394","PG1433"
"BK0394","PG1530"
"BK0395","PG0923"
"BK0395","PG0450"
"BK0395","PG1452"
"BK0395","PG0792"
"BK0395","PG1262"
"BK0395","PG1137"
"BK0395","PG0961"
"BK0395","PG0015"
"BK0395","PG0232"
"BK0395","PG1277"
"BK0395","PG1545"
"BK0396","PG0370"
"BK0396","PG1406"
"BK0396","PG1474"
"BK0396","PG0043"
"BK0396","PG0395"
"BK0396","PG1049"
"BK0396","PG0894"
"BK0396","PG0378"
"BK0396","PG0589"
"BK0397","PG0293"
"BK0397","PG0845"
"BK0397","PG1099"
"BK0397","PG0447"
"BK0398","PG0938"
"BK0398","PG1334"
"BK0399","PG0649"
"BK0399","PG0009"
"BK0399","PG1254"
"BK0399","PG1455"
"BK0399","PG0579"
"BK0399","PG0767"
"BK0399","PG1426"
"BK0400","PG1063"
"BK0400","PG1529"
"BK0400","PG0845"
"BK0400","PG0868"
"BK0400","PG1131"
"BK0400","PG1064"
"BK0400","PG0069"
"BK0400","PG1156"
"BK0400","PG1504"
"BK0400","PG0833"
"BK0401","PG1400"
"BK0401","PG1546"
"BK0402","PG1034"
"BK0402","PG0165"
"BK0402","PG0487"
"BK0402","PG0300"
"BK0402","PG1246"
"BK0403","PG1429"
"BK0403","PG0109"
"BK0403","PG1495"
"BK0403","PG1252"
"BK0403","PG0113"
"BK0403","PG1124"
"BK0403","PG0854"
"BK0403","PG1448"
"BK0403","PG0852"
"BK0404","PG0480"
"BK0404","PG1505"
"BK0404","PG1153"
"BK0404","PG0382"
"BK0404","PG1500"
"BK0404","PG0697"
"BK0404","PG0541"
"BK0404","PG0821"
"BK0405","PG1109"
"BK0405","PG0571"
"BK0405","PG0916"
"BK0405","PG0695"
"BK0406","PG1507"
"BK0406","PG1034"
"BK0406","PG0326"
"BK0406","PG0403"
"BK0406","PG0148"
"BK0406","PG0886"
"BK0407","PG0929"
"BK0407","PG1460"
"BK0407","PG0276"
"BK0407","PG0255"
"BK0407","PG0998"
"BK0407","PG1546"
"BK0407","PG0732"
"BK0408","PG0208"
"BK0408","PG0197"
"BK0408","PG0044"
"BK0409","PG0605"
"BK0409","PG0735"
"BK0409","PG1242"
"BK0409","PG1214"
"BK0410","PG1030"
"BK0410","PG1109"
"BK0410","PG1142"
"BK0410","PG1321"
"BK0410","PG0667"
"BK0411","PG1269"
"BK0411","PG1442"
"BK0411","PG1189"
"BK0411","PG0277"
"BK0411","PG1081"
"BK0411","PG0940"
"BK0411","PG1237"
"BK0412","PG0934"
"BK0412","PG0185"
"BK0412","PG1368"
"BK0412","PG0712"
"BK0413","PG0309"
"BK0413","PG0197"
"BK0413","PG0157"
"BK0413","PG0026"
"BK0414","PG0207"
"BK0414","PG0246"
"BK0414","PG0651"
"BK0414","PG0453"
"BK0414","PG0204"
"BK0415","PG0946"
"BK0415","PG0958"
"BK0415","PG0749"
"BK0415","PG0592"
"BK0415","PG1295"
"BK0415","PG0024"
"BK0415","PG0733"
"BK0415","PG0866"
"BK0415","PG0459"
"BK0415","PG0811"
"BK0415","PG0633"
"BK0416","PG1294"
"BK0416","PG0072"
"BK0416","PG0408"
"BK0416","PG1495"
"BK0416","PG1256"
"BK0416","PG0365"
"BK0416","PG1547"
"BK0416","PG1008"
"BK0416","PG1227"
"BK0416","PG0545"
"BK0417","PG0382"
"BK0417","PG1357"
"BK0417","PG1543"
"BK0417","PG0386"
"BK0418","PG0480"
"BK0418","PG0392"
"BK0418","PG0339"
"BK0418","PG1219"
"BK0418","PG0835"
"BK0418","PG0497"
"BK0418","PG1515"
"BK0418","PG0932"
"BK0418","PG0676"
"BK0418","PG0358"
"BK0419","PG0946"
"BK0419","PG0825"
"BK0419","PG0209"
"BK0419","PG0956"
"BK0419","PG1406"
"BK0419","PG1176"
"BK0419","PG0251"
"BK0419","PG0257"
"BK0419","PG0871"
"BK0420","PG1398"
"BK0420","PG0766"
"BK0421","PG0935"
"BK0421","PG1482"
"BK0422","PG1097"
"BK0422","PG0202"
"BK0422","PG0426"
"BK0423","PG0187"
"BK0423","PG0222"
"BK0423","PG1229"
"BK0423","PG0338"
"BK0423","PG1524"
"BK0424","PG0869"
"BK0424","PG1193"
"BK0424","PG1533"
"BK0424","PG1070"
"BK0424","PG0249"
"BK0424","PG0127"
"BK0425","PG0605"
"BK0425","PG1095"
"BK0425","PG0818"
"BK0425","PG0751"
"BK0425","PG1247"
"BK0425","PG0386"
"BK0425","PG1306"
"BK0425","PG1427"
"BK0425","PG0723"
"BK0426","PG0079"
"BK0426","PG1227"
"BK0426","PG1424"
"BK0427","PG0319"
"BK0427","PG0396"
"BK0427","PG1142"
"BK0427","PG0873"
"BK0427","PG1103"
"BK0427","PG0007"
"BK0427","PG0712"
"BK0427","PG0679"
"BK0427","PG0423"
"BK0427","PG0544"
"BK0428","PG1492"
"BK0428","PG1529"
"BK0428","PG0290"
"BK0428","PG0021"
"BK0428","PG0609"
"BK0428","PG1254"
"BK0428","PG0184"
"BK0428","PG0959"
"BK0428","PG1299"
"BK0429","PG0282"
"BK0429","PG0341"
"BK0429","PG0041"
"BK0429","PG1368"
"BK0429","PG0001"
"BK0429","PG1316"
"BK0429","PG0644"
"BK0429","PG1149"
"BK0430","PG0825"
"BK0430","PG0051"
"BK0430","PG0306"
"BK0430","PG0240"
"BK0430","PG0712"
"BK0430","PG0107"
"BK0431","PG0293"
"BK0431","PG1518"
"BK0431","PG0845"
"BK0431","PG0242"
"BK0431","PG1005"
"BK0431","PG1278"
"BK0431","PG0595"
"BK0431","PG0325"
"BK0432","PG0292"
"BK0432","PG0526"
"BK0432","PG0181"
"BK0432","PG0098"
"BK0432","PG0286"
"BK0432","PG0531"
"BK0432","PG1136"
"BK0432","PG0134"
"BK0432","PG1546"
"BK0433","PG0485"
"BK0433","PG0166"
"BK0433","PG0865"
"BK0433","PG0357"
"BK0434","PG1261"
"BK0434","PG0084"
"BK0434","PG0933"
"BK0434","PG0372"
"BK0434","PG1141"
"BK0434","PG1498"
"BK0434","PG1206"
"BK0434","PG0404"
"BK0435","PG0281"
"BK0435","PG1266"
"BK0435","PG0544"
"BK0436","PG0617"
"BK0436","PG1034"
"BK0436","PG0441"
"BK0436","PG0962"
"BK0437","PG0242"
"BK0437","PG0481"
"BK0437","PG1460"
"BK0437","PG0075"
"BK0437","PG1005"
"BK0437","PG1530"
"BK0437","PG1233"
"BK0438","PG0859"
"BK0438","PG0417"
"BK0438","PG0483"
"BK0438","PG1242"
"BK0438","PG0592"
"BK0438","PG1136"
"BK0438","PG0304"
"BK0438","PG0324"
"BK0439","PG0527"
"BK0439","PG1560"
"BK0439","PG0884"
"BK0439","PG1431"
"BK0439","PG0898"
"BK0440","PG0440"
"BK0440","PG0894"
"BK0440","PG0962"
"BK0440","PG0666"
"BK0441","PG0539"
"BK0441","PG1261"
"BK0441","PG0062"
"BK0441","PG1356"
"BK0441","PG1531"
"BK0441","PG0574"
"BK0441","PG0459"
"BK0441","PG1205"
"BK0441","PG1535"
"BK0441","PG0401"
"BK0441","PG0566"
"BK0442","PG0867"
"BK0442","PG0640"
"BK0442","PG1545"
"BK0443","PG0814"
"BK0443","PG0187"
"BK0443","PG0031"
"BK0443","PG1361"
"BK0443","PG0075"
"BK0443","PG1531"
"BK0443","PG0078"
"BK0443","PG1123"
"BK0443","PG0896"
"BK0444","PG0082"
"BK0444","PG0318"
"BK0444","PG0792"
"BK0444","PG0026"
"BK0444","PG0656"
"BK0444","PG1017"
"BK0445","PG1432"
"BK0445","PG1332"
"BK0445","PG0742"
"BK0445","PG0633"
"BK0445","PG1226"
"BK0445","PG0325"
"BK0446","PG0073"
"BK0446","PG1474"
"BK0446","PG0471"
"BK0447","PG0054"
"BK0447","PG0849"
"BK0447","PG1086"
"BK0447","PG0543"
"BK0447","PG0368"
"BK0447","PG0534"
"BK0448","PG0209"
"BK0448","PG1473"
"BK0448","PG0672"
"BK0448","PG1520"
"BK0448","PG1310"
"BK0448","PG0200"
"BK0448","PG0942"
"BK0448","PG1314"
"BK0448","PG1523"
"BK0449","PG1291"
"BK0449","PG1342"
"BK0449","PG0286"
"BK0449","PG0097"
"BK0449","PG1174"
"BK0449","PG0975"
"BK0449","PG1191"
"BK0449","PG0789"
"BK0449","PG1403"
"BK0450","PG0649"
"BK0450","PG1260"
"BK0450","PG1072"
"BK0450","PG0312"
"BK0450","PG0852"
"BK0450","PG0314"
"BK0450","PG0798"
"BK0450","PG0600"
"BK0451","PG0033"
"BK0451","PG0350"
"BK0451","PG0289"
"BK0451","PG0245"
"BK0451","PG0893"
"BK0451","PG1002"
"BK0451","PG0189"
"BK0451","PG0237"
"BK0452","PG0071"
"BK0452","PG1560"
"BK0452","PG0642"
"BK0452","PG0205"
"BK0452","PG1039"
"BK0453","PG1085"
"BK0453","PG0229"
"BK0453","PG1071"
"BK0453","PG1466"
"BK0453","PG0496"
"BK0453","PG0144"
"BK0453","PG0854"
"BK0454","PG0187"
"BK0454","PG1113"
"BK0454","PG0046"
"BK0455","PG1109"
"BK0455","PG0262"
"BK0455","PG0003"
"BK0455","PG0631"
"BK0455","PG1333"
"BK0455","PG1347"
"BK0456","PG0978"
"BK0456","PG0026"
"BK0456","PG0975"
"BK0456","PG0623"
"BK0456","PG1090"
"BK0456","PG1435"
"BK0457","PG1282"
"BK0457","PG1150"
"BK0457","PG0009"
"BK0457","PG1418"
"BK0457","PG0058"
"BK0457","PG1103"
"BK0457","PG1146"
"BK0457","PG0227"
"BK0458","PG1396"
"BK0458","PG1128"
"BK0458","PG0732"
"BK0459","PG1473"
"BK0459","PG1075"
"BK0460","PG1083"
"BK0460","PG0718"
"BK0460","PG0711"
"BK0461","PG1152"
"BK0461","PG0212"
"BK0461","PG0386"
"BK0461","PG0302"
"BK0462","PG0381"
"BK0462","PG1309"
"BK0462","PG1391"
"BK0462","PG0813"
"BK0462","PG0272"
"BK0462","PG0576"
"BK0462","PG0884"
"BK0462","PG0228"
"BK0462","PG1525"
"BK0462","PG1325"
"BK0463","PG0925"
"BK0463","PG1095"
"BK0463","PG0988"
"BK0463","PG1319"
"BK0463","PG1307"
"BK0463","PG0945"
"BK0463","PG0450"
"BK0463","PG0344"
"BK0463","PG0496"
"BK0463","PG0002"
"BK0463","PG0049"
"BK0464","PG0989"
"BK0464","PG0055"
"BK0464","PG0195"
"BK0464","PG1350"
"BK0464","PG1427"
"BK0464","PG0811"
"BK0464","PG1028"
"BK0465","PG1529"
"BK0465","PG0197"
"BK0465","PG1485"
"BK0465","PG0056"
"BK0465","PG0530"
"BK0465","PG0733"
"BK0465","PG0315"
"BK0465","PG0833"
"BK0465","PG0456"
"BK0465","PG0742"
"BK0466","PG0152"
"BK0466","PG0311"
"BK0466","PG1520"
"BK0466","PG0359"
"BK0467","PG0480"
"BK0467","PG1539"
"BK0467","PG0812"
"BK0467","PG0988"
"BK0467","PG0527"
"BK0467","PG1291"
"BK0467","PG1313"
"BK0467","PG0982"
"BK0467","PG0546"
"BK0467","PG0797"
"BK0468","PG1439"
"BK0468","PG0984"
"BK0469","PG1507"
"BK0469","PG1050"
"BK0469","PG1385"
"BK0469","PG0206"
"BK0469","PG0831"
"BK0470","PG0273"
"BK0470","PG0570"
"BK0470","PG0465"
"BK0470","PG0279"
"BK0470","PG0397"
"BK0470","PG1475"
"BK0471","PG0491"
"BK0471","PG1012"
"BK0471","PG1107"
"BK0471","PG1204"
"BK0472","PG0594"
"BK0472","PG0519"
"BK0472","PG0476"
"BK0472","PG0840"
"BK0472","PG1333"
"BK0472","PG0569"
"BK0472","PG0305"
"BK0473","PG1173"
"BK0473","PG0306"
"BK0473","PG0713"
"BK0473","PG0394"
"BK0473","PG0116"
"BK0474","PG0170"
"BK0474","PG1214"
"BK0474","PG0965"
"BK0474","PG0039"
"BK0475","PG0042"
"BK0475","PG0444"
"BK0475","PG0466"
"BK0475","PG0833"
"BK0475","PG1337"
"BK0476","PG0031"
"BK0476","PG0135"
"BK0476","PG0862"
"BK0476","PG0375"
"BK0476","PG1112"
"BK0476","PG0005"
"BK0477","PG1282"
"BK0477","PG0472"
"BK0477","PG0929"
"BK0477","PG0460"
"BK0477","PG0345"
"BK0477","PG1466"
"BK0477","PG0761"
"BK0477","PG0822"
"BK0477","PG0214"
"BK0478","PG1329"
"BK0478","PG1344"
"BK0478","PG0200"
"BK0478","PG0678"
"BK0479","PG0390"
"BK0479","PG0077"
"BK0479","PG1044"
"BK0479","PG1042"
"BK0479","PG0795"
"BK0479","PG0532"
"BK0479","PG1398"
"BK0479","PG0514"
"BK0479","PG1437"
"BK0479","PG1415"
"BK0480","PG1151"
"BK0480","PG0362"
"BK0480","PG1430"
"BK0480","PG1144"
"BK0480","PG0960"
"BK0480","PG0850"
"BK0480","PG1554"
"BK0481","PG0516"
"BK0481","PG0734"
"BK0481","PG0445"
"BK0481","PG0424"
"BK0482","PG1471"
"BK0482","PG1104"
"BK0482","PG0776"
"BK0483","PG0191"
"BK0483","PG0944"
"BK0483","PG1412"
"BK0483","PG0168"
"BK0483","PG0642"
"BK0483","PG0276"
"BK0483","PG0002"
"BK0483","PG1288"
"BK0483","PG1008"
"BK0483","PG0940"
"BK0484","PG1031"
"BK0484","PG1203"
"BK0484","PG1191"
"BK0484","PG1513"
"BK0484","PG1546"
"BK0484","PG1446"
"BK0484","PG1149"
"BK0485","PG0814"
"BK0485","PG0036"
"BK0485","PG1255"
"BK0485","PG0679"
"BK0485","PG1546"
"BK0485","PG0237"
"BK0486","PG0044"
"BK0486","PG0356"
"BK0486","PG0673"
"BK0486","PG0640"
"BK0487","PG0194"
"BK0487","PG0999"
"BK0487","PG0642"
"BK0487","PG0573"
"BK0488","PG0716"
"BK0488","PG0713"
"BK0488","PG0647"
"BK0488","PG0318"
"BK0488","PG0421"
"BK0488","PG0103"
"BK0488","PG0668"
"BK0488","PG0679"
"BK0488","PG0236"
"BK0488","PG0853"
"BK0489","PG0280"
"BK0489","PG1362"
"BK0489","PG0656"
"BK0489","PG0304"
"BK0489","PG0456"
"BK0490","PG1517"
"BK0490","PG1166"
"BK0490","PG1122"
"BK0490","PG1252"
"BK0490","PG1043"
"BK0490","PG0141"
"BK0490","PG0279"
"BK0490","PG1211"
"BK0490","PG0145"
"BK0490","PG0764"
"BK0490","PG0842"
"BK0491","PG1089"
"BK0491","PG0096"
"BK0491","PG1027"
"BK0491","PG0767"
"BK0491","PG0226"
"BK0492","PG0836"
"BK0492","PG0814"
"BK0492","PG0542"
"BK0492","PG0399"
"BK0492","PG0136"
"BK0492","PG0268"
"BK0492","PG0595"
"BK0492","PG1387"
"BK0492","PG0975"
"BK0492","PG1404"
"BK0492","PG1227"
"BK0493","PG0907"
"BK0493","PG0242"
"BK0493","PG1560"
"BK0493","PG1471"
"BK0493","PG0662"
"BK0493","PG0249"
"BK0493","PG0489"
"BK0494","PG1531"
"BK0494","PG1234"
"BK0494","PG0459"
"BK0494","PG0424"
"BK0495","PG0802"
"BK0495","PG0670"
"BK0495","PG0950"
"BK0495","PG0730"
"BK0495","PG1543"
"BK0495","PG0035"
"BK0495","PG0203"
"BK0495","PG0402"
"BK0496","PG0605"
"BK0496","PG0296"
"BK0496","PG0838"
"BK0496","PG0973"
"BK0496","PG0974"
"BK0497","PG1060"
"BK0497","PG0351"
"BK0497","PG1284"
"BK0497","PG1236"
"BK0497","PG0411"
"BK0497","PG0536"
"BK0497","PG1413"
"BK0498","PG0084"
"BK0498","PG0958"
"BK0498","PG0926"
"BK0498","PG1544"
"BK0498","PG0613"
"BK0498","PG0602"
"BK0498","PG0258"
"BK0498","PG0742"
"BK0499","PG0539"
"BK0499","PG1097"
"BK0499","PG0383"
"BK0499","PG1269"
"BK0499","PG0872"
"BK0500","PG1036"
"BK0500","PG0375"
"BK0500","PG0743"
"BK0500","PG1215"
"BK0501","PG0284"
"BK0501","PG0114"
"BK0501","PG1532"
"BK0501","PG1349"
"BK0502","PG0381"
"BK0502","PG0978"
"BK0502","PG0064"
"BK0502","PG1126"
"BK0502","PG1279"
"BK0502","PG1553"
"BK0502","PG1420"
"BK0502","PG0541"
"BK0502","PG0821"
"BK0502","PG0017"
"BK0502","PG1259"
"BK0503","PG1074"
"BK0503","PG1505"
"BK0503","PG0274"
"BK0503","PG0587"
"BK0503","PG0302"
"BK0504","PG0490"
"BK0504","PG0051"
"BK0504","PG1265"
"BK0504","PG0850"
"BK0504","PG0378"
"BK0504","PG1377"
"BK0504","PG0057"
"BK0504","PG0446"
"BK0505","PG1034"
"BK0505","PG1265"
"BK0505","PG1373"
"BK0505","PG0762"
"BK0505","PG0873"
"BK0505","PG0378"
"BK0505","PG0941"
"BK0506","PG0836"
"BK0506","PG0955"
"BK0506","PG1462"
"BK0506","PG0058"
"BK0506","PG0950"
"BK0506","PG1223"
"BK0506","PG0657"
"BK0506","PG1512"
"BK0507","PG1470"
"BK0507","PG1061"
"BK0507","PG0519"
"BK0507","PG1164"
"BK0507","PG0739"
"BK0507","PG1229"
"BK0507","PG0676"
"BK0507","PG0577"
"BK0507","PG1468"
"BK0508","PG1193"
"BK0508","PG0328"
"BK0508","PG0290"
"BK0508","PG1276"
"BK0508","PG1176"
"BK0508","PG0044"
"BK0508","PG0343"
"BK0508","PG0497"
"BK0508","PG0512"
"BK0508","PG0237"
"BK0509","PG0769"
"BK0509","PG0022"
"BK0509","PG0294"
"BK0509","PG1483"
"BK0509","PG1361"
"BK0509","PG0205"
"BK0509","PG0545"
"BK0510","PG0851"
"BK0510","PG0255"
"BK0510","PG1398"
"BK0510","PG0877"
"BK0511","PG1085"
"BK0511","PG0040"
"BK0511","PG1193"
"BK0511","PG0780"
"BK0511","PG0272"
"BK0511","PG0042"
"BK0511","PG1097"
"BK0511","PG0064"
"BK0511","PG0983"
"BK0511","PG0882"
"BK0512","PG0429"
"BK0512","PG0913"
"BK0512","PG0969"
"BK0512","PG1171"
"BK0512","PG0972"
"BK0512","PG0810"
"BK0512","PG0910"
"BK0512","PG1007"
"BK0512","PG0654"
"BK0512","PG0798"
"BK0513","PG1496"
"BK0513","PG0131"
"BK0513","PG1395"
"BK0513","PG0432"
"BK0513","PG0631"
"BK0513","PG1487"
"BK0514","PG1319"
"BK0514","PG0725"
"BK0514","PG0906"
"BK0514","PG1210"
"BK0514","PG1187"
"BK0514","PG0409"
"BK0514","PG1053"
"BK0514","PG0104"
"BK0515","PG0516"
"BK0515","PG0648"
"BK0515","PG1263"
"BK0515","PG0751"
"BK0515","PG1324"
"BK0515","PG1531"
"BK0515","PG0650"
"BK0515","PG0167"
"BK0515","PG0189"
"BK0515","PG0238"
"BK0515","PG1535"
"BK0516","PG0405"
"BK0516","PG1067"
"BK0516","PG0364"
"BK0516","PG0426"
"BK0516","PG0237"
"BK0517","PG1539"
"BK0517","PG1221"
"BK0517","PG0153"
"BK0517","PG1514"
"BK0518","PG0936"
"BK0518","PG0966"
"BK0518","PG0757"
"BK0518","PG1308"
"BK0518","PG0504"
"BK0518","PG0102"
"BK0518","PG0389"
"BK0518","PG0441"
"BK0518","PG1497"
"BK0518","PG0783"
"BK0518","PG0764"
