"BOOKID","VISIBLENAME","DESC","VAL"
"BK0034","魔術書：体力回復","この魔術書を持っていると魔術書に書かれた魔術が使えるようになる。","2500"
"BK0035","魔術書：効果範囲全体回復","この魔術書を持っていると魔術書に書かれた魔術が使えるようになる。","2500"
"BK0036","魔術書：毒治療","この魔術書を持っていると魔術書に書かれた魔術が使えるようになる。","2500"
"BK0037","魔術書：気絶治療","この魔術書を持っていると魔術書に書かれた魔術が使えるようになる。","2500"
"BK0038","魔術書：体力回復強","この魔術書を持っていると魔術書に書かれた魔術が使えるようになる。","2500"
"BK0039","魔術書：効果範囲全体回復強","この魔術書を持っていると魔術書に書かれた魔術が使えるようになる。","2500"
"BK0040","魔術書：単体リジェネ弱","この魔術書を持っていると魔術書に書かれた魔術が使えるようになる。","2500"
"BK0041","魔術書：効果範囲全体リジェネ弱","この魔術書を持っていると魔術書に書かれた魔術が使えるようになる。","2500"
"BK0042","魔術書：木化治療","この魔術書を持っていると魔術書に書かれた魔術が使えるようになる。","2500"
"BK0043","魔術書：狂気の治療","この魔術書を持っていると魔術書に書かれた魔術が使えるようになる。","2500"
"BK0044","魔術書：混乱治療","この魔術書を持っていると魔術書に書かれた魔術が使えるようになる。","2500"
"BK0045","魔術書：昏睡","この魔術書を持っていると魔術書に書かれた魔術が使えるようになる。","2500"
"BK0046","魔術書：狂乱の王子","この魔術書を持っていると魔術書に書かれた魔術が使えるようになる。","2500"
"BK0047","魔術書：精神破壊","この魔術書を持っていると魔術書に書かれた魔術が使えるようになる。","2500"
"BK0048","魔術書：精神摩耗","この魔術書を持っていると魔術書に書かれた魔術が使えるようになる。","2500"
"BK0049","魔術書：肉体からの解放","この魔術書を持っていると魔術書に書かれた魔術が使えるようになる。","2500"
"BK0050","魔術書：蘇生","この魔術書を持っていると魔術書に書かれた魔術が使えるようになる。","2500"
"BK0051","魔術書：消滅治療","この魔術書を持っていると魔術書に書かれた魔術が使えるようになる。","2500"
"BK0052","魔術書：単体リジェネ強","この魔術書を持っていると魔術書に書かれた魔術が使えるようになる。","2500"
"BK0053","魔術書：効果範囲全体リジェネ強","この魔術書を持っていると魔術書に書かれた魔術が使えるようになる。","2500"
"BK0054","魔術書：狂乱治療","この魔術書を持っていると魔術書に書かれた魔術が使えるようになる。","2500"
"BK0055","魔術書：発狂治療","この魔術書を持っていると魔術書に書かれた魔術が使えるようになる。","2500"
"BK0056","魔術書：レギオ・フィルミナンテ","この魔術書を持っていると魔術書に書かれた魔術が使えるようになる。","2500"
"BK0057","魔術書：神の裁き","この魔術書を持っていると魔術書に書かれた魔術が使えるようになる。","2500"
"BK0058","魔術書：完全回復","この魔術書を持っていると魔術書に書かれた魔術が使えるようになる。","2500"
"BK0059","魔術書：錬金物質生成","この魔術書を持っていると魔術書に書かれた魔術が使えるようになる。","2500"
"BK0060","魔術書：錬金反応炉","この魔術書を持っていると魔術書に書かれた魔術が使えるようになる。","2500"
"BK0061","魔術書：黄金化治療","この魔術書を持っていると魔術書に書かれた魔術が使えるようになる。","2500"
"BK0062","魔術書：軟化","この魔術書を持っていると魔術書に書かれた魔術が使えるようになる。","2500"
"BK0063","魔術書：硬化","この魔術書を持っていると魔術書に書かれた魔術が使えるようになる。","2500"
"BK0064","魔術書：状態異常回復１","この魔術書を持っていると魔術書に書かれた魔術が使えるようになる。","2500"
"BK0065","魔術書：黄金への誘い","この魔術書を持っていると魔術書に書かれた魔術が使えるようになる。","2500"
"BK0066","魔術書：状態異常回復２","この魔術書を持っていると魔術書に書かれた魔術が使えるようになる。","2500"
"BK0067","魔術書：筋力増強","この魔術書を持っていると魔術書に書かれた魔術が使えるようになる。","2500"
"BK0068","魔術書：精神力増強","この魔術書を持っていると魔術書に書かれた魔術が使えるようになる。","2500"
"BK0069","魔術書：錬金浸食","この魔術書を持っていると魔術書に書かれた魔術が使えるようになる。","2500"
"BK0070","魔術書：破壊光線（中）","この魔術書を持っていると魔術書に書かれた魔術が使えるようになる。","2500"
"BK0071","魔術書：正気度回復","この魔術書を持っていると魔術書に書かれた魔術が使えるようになる。","2500"
"BK0072","魔術書：正気度損失","この魔術書を持っていると魔術書に書かれた魔術が使えるようになる。","2500"
"BK0073","魔術書：正気度増強","この魔術書を持っていると魔術書に書かれた魔術が使えるようになる。","2500"
"BK0074","魔術書：魔力回復","この魔術書を持っていると魔術書に書かれた魔術が使えるようになる。","2500"
"BK0075","魔術書：魔力増強","この魔術書を持っていると魔術書に書かれた魔術が使えるようになる。","2500"
"BK0076","魔術書：体力増強","この魔術書を持っていると魔術書に書かれた魔術が使えるようになる。","2500"
"BK0077","魔術書：破壊光線（弱）","この魔術書を持っていると魔術書に書かれた魔術が使えるようになる。","2500"
"BK0078","魔術書：破壊光線（強）","この魔術書を持っていると魔術書に書かれた魔術が使えるようになる。","2500"
"BK0079","魔術書：破壊光線（伝説）","この魔術書を持っていると魔術書に書かれた魔術が使えるようになる。","2500"
"BK0080","魔術書：送風","この魔術書を持っていると魔術書に書かれた魔術が使えるようになる。","2500"
"BK0081","魔術書：強風","この魔術書を持っていると魔術書に書かれた魔術が使えるようになる。","2500"
"BK0082","魔術書：嵐","この魔術書を持っていると魔術書に書かれた魔術が使えるようになる。","2500"
"BK0083","魔術書：ストームコール","この魔術書を持っていると魔術書に書かれた魔術が使えるようになる。","2500"
"BK0084","魔術書：風切羽","この魔術書を持っていると魔術書に書かれた魔術が使えるようになる。","2500"
"BK0085","魔術書：電撃","この魔術書を持っていると魔術書に書かれた魔術が使えるようになる。","2500"
"BK0086","魔術書：向かい風","この魔術書を持っていると魔術書に書かれた魔術が使えるようになる。","2500"
"BK0087","魔術書：追い風","この魔術書を持っていると魔術書に書かれた魔術が使えるようになる。","2500"
"BK0088","魔術書：凪風","この魔術書を持っていると魔術書に書かれた魔術が使えるようになる。","2500"
"BK0089","魔術書：かまいたち","この魔術書を持っていると魔術書に書かれた魔術が使えるようになる。","2500"
"BK0090","魔術書：風刃","この魔術書を持っていると魔術書に書かれた魔術が使えるようになる。","2500"
"BK0091","魔術書：衝撃波","この魔術書を持っていると魔術書に書かれた魔術が使えるようになる。","2500"
"BK0092","魔術書：内臓破裂","この魔術書を持っていると魔術書に書かれた魔術が使えるようになる。","2500"
"BK0093","魔術書：陣風","この魔術書を持っていると魔術書に書かれた魔術が使えるようになる。","2500"
"BK0094","魔術書：木枯","この魔術書を持っていると魔術書に書かれた魔術が使えるようになる。","2500"
"BK0095","魔術書：真空波","この魔術書を持っていると魔術書に書かれた魔術が使えるようになる。","2500"
"BK0096","魔術書：真空抹殺","この魔術書を持っていると魔術書に書かれた魔術が使えるようになる。","2500"
"BK0097","魔術書：空圧圧縮","この魔術書を持っていると魔術書に書かれた魔術が使えるようになる。","2500"
"BK0098","魔術書：雷","この魔術書を持っていると魔術書に書かれた魔術が使えるようになる。","2500"
"BK0099","魔術書：火炎","この魔術書を持っていると魔術書に書かれた魔術が使えるようになる。","2500"
"BK0100","魔術書：ファイアボルト","この魔術書を持っていると魔術書に書かれた魔術が使えるようになる。","2500"
"BK0101","魔術書：ファイアブレス","この魔術書を持っていると魔術書に書かれた魔術が使えるようになる。","2500"
"BK0102","魔術書：篝火","この魔術書を持っていると魔術書に書かれた魔術が使えるようになる。","2500"
"BK0103","魔術書：炎上治療","この魔術書を持っていると魔術書に書かれた魔術が使えるようになる。","2500"
"BK0104","魔術書：灯台","この魔術書を持っていると魔術書に書かれた魔術が使えるようになる。","2500"
"BK0105","魔術書：炎熱作用","この魔術書を持っていると魔術書に書かれた魔術が使えるようになる。","2500"
"BK0106","魔術書：熱光線","この魔術書を持っていると魔術書に書かれた魔術が使えるようになる。","2500"
"BK0107","魔術書：ウォーターフォール","この魔術書を持っていると魔術書に書かれた魔術が使えるようになる。","2500"
"BK0108","魔術書：降雨","この魔術書を持っていると魔術書に書かれた魔術が使えるようになる。","2500"
"BK0109","魔術書：電撃散布","この魔術書を持っていると魔術書に書かれた魔術が使えるようになる。","2500"
"BK0110","魔術書：霊峰の指","この魔術書を持っていると魔術書に書かれた魔術が使えるようになる。","2500"
"BK0111","魔術書：天地雷鳴","この魔術書を持っていると魔術書に書かれた魔術が使えるようになる。","2500"
"BK0112","魔術書：雷鳴八卦","この魔術書を持っていると魔術書に書かれた魔術が使えるようになる。","2500"
"BK0113","魔術書：メモリチェック","この魔術書を持っていると魔術書に書かれた魔術が使えるようになる。","2500"
"BK0114","魔術書：クラッシュ","この魔術書を持っていると魔術書に書かれた魔術が使えるようになる。","2500"
"BK0115","魔術書：ゲームオーバー","この魔術書を持っていると魔術書に書かれた魔術が使えるようになる。","2500"
"BK0116","魔術書：戦闘からの離脱","この魔術書を持っていると魔術書に書かれた魔術が使えるようになる。","2500"
"BK0117","魔術書：エンカウントカウンタリセット","この魔術書を持っていると魔術書に書かれた魔術が使えるようになる。","2500"
"BK0118","魔術書：エンカウントカウンタ+128","この魔術書を持っていると魔術書に書かれた魔術が使えるようになる。","2500"
"BK0119","魔術書：デバッグモードON","この魔術書を持っていると魔術書に書かれた魔術が使えるようになる。","2500"
"BK0120","魔術書：デバッグモードOFF","この魔術書を持っていると魔術書に書かれた魔術が使えるようになる。","2500"
"BK0121","魔術書：condition同期ずれチェック","この魔術書を持っていると魔術書に書かれた魔術が使えるようになる。","2500"
"BK0122","魔術書：全員完全回復","この魔術書を持っていると魔術書に書かれた魔術が使えるようになる。","2500"
"BK0124","魔術書：サウンド破棄","この魔術書を持っていると魔術書に書かれた魔術が使えるようになる。","2500"
"BK0125","魔術書：ホットティー召喚","この魔術書を持っていると魔術書に書かれた魔術が使えるようになる。","2500"
"BK0126","魔術書：木化","この魔術書を持っていると魔術書に書かれた魔術が使えるようになる。","2500"
"BK0127","魔術書：地震","この魔術書を持っていると魔術書に書かれた魔術が使えるようになる。","2500"
"BK0128","魔術書：大地の怒り","この魔術書を持っていると魔術書に書かれた魔術が使えるようになる。","2500"
"BK0129","魔術書：地割れ","この魔術書を持っていると魔術書に書かれた魔術が使えるようになる。","2500"
"BK0130","魔術書：岸壁直撃","この魔術書を持っていると魔術書に書かれた魔術が使えるようになる。","2500"
"BK0131","魔術書：岩塊","この魔術書を持っていると魔術書に書かれた魔術が使えるようになる。","2500"
"BK0132","魔術書：隕石","この魔術書を持っていると魔術書に書かれた魔術が使えるようになる。","2500"
"BK0133","魔術書：巨岩","この魔術書を持っていると魔術書に書かれた魔術が使えるようになる。","2500"
"BK0134","魔術書：冷風","この魔術書を持っていると魔術書に書かれた魔術が使えるようになる。","2500"
"BK0135","魔術書：涼風","この魔術書を持っていると魔術書に書かれた魔術が使えるようになる。","2500"
"BK0136","魔術書：雹嵐","この魔術書を持っていると魔術書に書かれた魔術が使えるようになる。","2500"
"BK0137","魔術書：氷のつぶて","この魔術書を持っていると魔術書に書かれた魔術が使えるようになる。","2500"
"BK0138","魔術書：吹雪","この魔術書を持っていると魔術書に書かれた魔術が使えるようになる。","2500"
"BK0139","魔術書：冷凍ビーム","この魔術書を持っていると魔術書に書かれた魔術が使えるようになる。","2500"
"BK0140","魔術書：じょうろ","この魔術書を持っていると魔術書に書かれた魔術が使えるようになる。","2500"
"BK0141","魔術書：滝行","この魔術書を持っていると魔術書に書かれた魔術が使えるようになる。","2500"
"BK0142","魔術書：叢雲","この魔術書を持っていると魔術書に書かれた魔術が使えるようになる。","2500"
"BK0143","魔術書：ブラックホール","この魔術書を持っていると魔術書に書かれた魔術が使えるようになる。","2500"
"BK0144","魔術書：絶滅の光","この魔術書を持っていると魔術書に書かれた魔術が使えるようになる。","2500"
"BK0145","魔術書：絞首台への階段","この魔術書を持っていると魔術書に書かれた魔術が使えるようになる。","2500"
"BK0146","魔術書：滅殺","この魔術書を持っていると魔術書に書かれた魔術が使えるようになる。","2500"
"BK0147","魔術書：魔防壁","この魔術書を持っていると魔術書に書かれた魔術が使えるようになる。","2500"
"BK0148","魔術書：城壁","この魔術書を持っていると魔術書に書かれた魔術が使えるようになる。","2500"
"BK0149","魔術書：魔術回避","この魔術書を持っていると魔術書に書かれた魔術が使えるようになる。","2500"
"BK0150","魔術書：GC","この魔術書を持っていると魔術書に書かれた魔術が使えるようになる。","2500"
"BK0151","魔術書：フォトン","この魔術書を持っていると魔術書に書かれた魔術が使えるようになる。","2500"
"BK0152","魔術書：クアンタム・ハーモナイザー","この魔術書を持っていると魔術書に書かれた魔術が使えるようになる。","2500"
"BK0153","魔術書：対者の破棄","この魔術書を持っていると魔術書に書かれた魔術が使えるようになる。","2500"
"BK0154","魔術書：神経操作","この魔術書を持っていると魔術書に書かれた魔術が使えるようになる。","2500"
"BK0155","魔術書：ザ・ツナミ","この魔術書を持っていると魔術書に書かれた魔術が使えるようになる。","2500"
"BK0156","魔術書：防波堤","この魔術書を持っていると魔術書に書かれた魔術が使えるようになる。","2500"
"BK0157","魔術書：神の守り","この魔術書を持っていると魔術書に書かれた魔術が使えるようになる。","2500"
"BK0158","魔術書：運命への介入","この魔術書を持っていると魔術書に書かれた魔術が使えるようになる。","2500"
"BK0159","魔術書：縫合","この魔術書を持っていると魔術書に書かれた魔術が使えるようになる。","2500"
"BK0160","魔術書：あなた司祭なの？","この魔術書を持っていると魔術書に書かれた魔術が使えるようになる。","2500"
"BK0161","魔術書：死んでくれる？","この魔術書を持っていると魔術書に書かれた魔術が使えるようになる。","2500"
"BK0162","魔術書：メギドラオォン（アォン）","この魔術書を持っていると魔術書に書かれた魔術が使えるようになる。","2500"
"BK0163","魔術書：風化","この魔術書を持っていると魔術書に書かれた魔術が使えるようになる。","2500"
"BK0164","魔術書：天罰","この魔術書を持っていると魔術書に書かれた魔術が使えるようになる。","2500"
"BK0165","魔術書：天照","この魔術書を持っていると魔術書に書かれた魔術が使えるようになる。","2500"
"BK0166","魔術書：Jの炎のマント","この魔術書を持っていると魔術書に書かれた魔術が使えるようになる。","2500"
"BK0167","魔術書：手の込んだ自殺","この魔術書を持っていると魔術書に書かれた魔術が使えるようになる。","2500"
"BK0168","魔術書：背水の陣","この魔術書を持っていると魔術書に書かれた魔術が使えるようになる。","2500"
"BK0169","魔術書：火蛇","この魔術書を持っていると魔術書に書かれた魔術が使えるようになる。","2500"
"BK0170","魔術書：力王","この魔術書を持っていると魔術書に書かれた魔術が使えるようになる。","2500"
"BK0171","魔術書：魔封陣","この魔術書を持っていると魔術書に書かれた魔術が使えるようになる。","2500"
"BK0172","魔術書：魔力の矢","この魔術書を持っていると魔術書に書かれた魔術が使えるようになる。","2500"
"BK0173","魔術書：雷衣","この魔術書を持っていると魔術書に書かれた魔術が使えるようになる。","2500"
"BK0174","魔術書：マッハ１１１","この魔術書を持っていると魔術書に書かれた魔術が使えるようになる。","2500"
"BK0175","魔術書：精神注入棒","この魔術書を持っていると魔術書に書かれた魔術が使えるようになる。","2500"
"BK0176","魔術書：フジヤマ","この魔術書を持っていると魔術書に書かれた魔術が使えるようになる。","2500"
"BK0177","魔術書：カミカゼ","この魔術書を持っていると魔術書に書かれた魔術が使えるようになる。","2500"
"BK0178","魔術書：残像剣","この魔術書を持っていると魔術書に書かれた魔術が使えるようになる。","2500"
"BK0179","魔術書：雷神ハンマー","この魔術書を持っていると魔術書に書かれた魔術が使えるようになる。","2500"
"BK0180","魔術書：粘着地面","この魔術書を持っていると魔術書に書かれた魔術が使えるようになる。","2500"
"BK0181","魔術書：151/15","この魔術書を持っていると魔術書に書かれた魔術が使えるようになる。","2500"
"BK0182","魔術書：人格モードのリセット","この魔術書を持っていると魔術書に書かれた魔術が使えるようになる。","2500"
"BK0183","魔術書：奇跡","この魔術書を持っていると魔術書に書かれた魔術が使えるようになる。","2500"
"BK0184","魔術書：浮遊","この魔術書を持っていると魔術書に書かれた魔術が使えるようになる。","2500"
"BK0185","魔術書：キクゴロウエライ","この魔術書を持っていると魔術書に書かれた魔術が使えるようになる。","2500"
"BK0186","魔術書：灼熱","この魔術書を持っていると魔術書に書かれた魔術が使えるようになる。","2500"
"BK0187","魔術書：輝きのブレス","この魔術書を持っていると魔術書に書かれた魔術が使えるようになる。","2500"
"BK0188","魔術書：解凍","この魔術書を持っていると魔術書に書かれた魔術が使えるようになる。","2500"
"BK0189","魔術書：神経痛","この魔術書を持っていると魔術書に書かれた魔術が使えるようになる。","2500"
"BK0190","魔術書：絹笠","この魔術書を持っていると魔術書に書かれた魔術が使えるようになる。","2500"
"BK0191","魔術書：毒の雨","この魔術書を持っていると魔術書に書かれた魔術が使えるようになる。","2500"
"BK0192","魔術書：バイオ・ウェポン","この魔術書を持っていると魔術書に書かれた魔術が使えるようになる。","2500"
"BK0193","魔術書：汚染","この魔術書を持っていると魔術書に書かれた魔術が使えるようになる。","2500"
"BK0194","魔術書：錬金術","この魔術書を持っていると魔術書に書かれた魔術が使えるようになる。","2500"
"BK0195","魔術書：蒸着","この魔術書を持っていると魔術書に書かれた魔術が使えるようになる。","2500"
"BK0196","魔術書：スーパーアーマー","この魔術書を持っていると魔術書に書かれた魔術が使えるようになる。","2500"
"BK0197","魔術書：ワクチン","この魔術書を持っていると魔術書に書かれた魔術が使えるようになる。","2500"
"BK0198","魔術書：ウス＝異本","この魔術書を持っていると魔術書に書かれた魔術が使えるようになる。","2500"
"BK0199","魔術書：禁断の知識","この魔術書を持っていると魔術書に書かれた魔術が使えるようになる。","2500"
"BK0200","魔術書：冒涜的な呼声","この魔術書を持っていると魔術書に書かれた魔術が使えるようになる。","2500"
"BK0201","魔術書：少女の涙","この魔術書を持っていると魔術書に書かれた魔術が使えるようになる。","2500"
"BK0202","魔術書：魔力移転","この魔術書を持っていると魔術書に書かれた魔術が使えるようになる。","2500"
"BK0203","魔術書：正気度移転","この魔術書を持っていると魔術書に書かれた魔術が使えるようになる。","2500"
"BK0204","魔術書：体力移転","この魔術書を持っていると魔術書に書かれた魔術が使えるようになる。","2500"
"BK0205","魔術書：復活","この魔術書を持っていると魔術書に書かれた魔術が使えるようになる。","2500"
"BK0206","魔術書：誓って殺しはやってません！","この魔術書を持っていると魔術書に書かれた魔術が使えるようになる。","2500"
"BK0207","魔術書：魔力による保持","この魔術書を持っていると魔術書に書かれた魔術が使えるようになる。","2500"
"BK0208","魔術書：正気度による保持","この魔術書を持っていると魔術書に書かれた魔術が使えるようになる。","2500"
"BK0209","魔術書：精神力による魔力増強","この魔術書を持っていると魔術書に書かれた魔術が使えるようになる。","2500"
"BK0210","魔術書：精神力による正気度増強","この魔術書を持っていると魔術書に書かれた魔術が使えるようになる。","2500"
"BK0211","魔術書：転嫁","この魔術書を持っていると魔術書に書かれた魔術が使えるようになる。","2500"
"BK0212","魔術書：研士","この魔術書を持っていると魔術書に書かれた魔術が使えるようになる。","2500"
"BK0213","魔術書：転送","この魔術書を持っていると魔術書に書かれた魔術が使えるようになる。","2500"
"BK0214","魔術書：ワープ９","この魔術書を持っていると魔術書に書かれた魔術が使えるようになる。","2500"
"BK0215","魔術書：軽空母バグ","この魔術書を持っていると魔術書に書かれた魔術が使えるようになる。","2500"
"BK0216","魔術書：null","この魔術書を持っていると魔術書に書かれた魔術が使えるようになる。","2500"
"BK0217","魔術書：野獣の眼光","この魔術書を持っていると魔術書に書かれた魔術が使えるようになる。","2500"
"BK0218","魔術書：簡易化","この魔術書を持っていると魔術書に書かれた魔術が使えるようになる。","2500"
"BK0219","魔術書：無限の富","この魔術書を持っていると魔術書に書かれた魔術が使えるようになる。","2500"
"BK0220","魔術書：生贄の儀式","この魔術書を持っていると魔術書に書かれた魔術が使えるようになる。","2500"
"BK0221","魔術書：爆熱","この魔術書を持っていると魔術書に書かれた魔術が使えるようになる。","2500"
"BK0222","魔術書：アイスピック","この魔術書を持っていると魔術書に書かれた魔術が使えるようになる。","2500"
"BK0223","魔術書：魔力の剣","この魔術書を持っていると魔術書に書かれた魔術が使えるようになる。","2500"
"BK0224","魔術書：魔力のハンマー","この魔術書を持っていると魔術書に書かれた魔術が使えるようになる。","2500"
"BK0225","魔術書：ヘビーな蛇","この魔術書を持っていると魔術書に書かれた魔術が使えるようになる。","2500"
"BK0226","魔術書：抹消","この魔術書を持っていると魔術書に書かれた魔術が使えるようになる。","2500"
"BK0227","魔術書：FWのソースコード","この魔術書を持っていると魔術書に書かれた魔術が使えるようになる。","2500"
"BK0228","魔術書：爆竹","この魔術書を持っていると魔術書に書かれた魔術が使えるようになる。","2500"
"BK0229","魔術書：阿多丘思考回路","この魔術書を持っていると魔術書に書かれた魔術が使えるようになる。","2500"
"BK0230","魔術書：いいね！","この魔術書を持っていると魔術書に書かれた魔術が使えるようになる。","2500"
"BK0231","魔術書：超絶・百連撃","この魔術書を持っていると魔術書に書かれた魔術が使えるようになる。","2500"
"BK0232","魔術書：記憶操作","この魔術書を持っていると魔術書に書かれた魔術が使えるようになる。","2500"
"BK0233","魔術書：ガーニンの左手","この魔術書を持っていると魔術書に書かれた魔術が使えるようになる。","2500"
"BK0234","魔術書：ガーニンの右手","この魔術書を持っていると魔術書に書かれた魔術が使えるようになる。","2500"
"BK0235","魔術書：エンチャント氷","この魔術書を持っていると魔術書に書かれた魔術が使えるようになる。","2500"
"BK0236","魔術書：エンチャント炎","この魔術書を持っていると魔術書に書かれた魔術が使えるようになる。","2500"
"BK0237","魔術書：エンチャント雷","この魔術書を持っていると魔術書に書かれた魔術が使えるようになる。","2500"
"BK0238","魔術書：エンチャント空気","この魔術書を持っていると魔術書に書かれた魔術が使えるようになる。","2500"
"BK0239","魔術書：エンチャント神秘","この魔術書を持っていると魔術書に書かれた魔術が使えるようになる。","2500"
"BK0240","魔術書：エンチャント錬金","この魔術書を持っていると魔術書に書かれた魔術が使えるようになる。","2500"
"BK0243","魔術書：エンチャント光","この魔術書を持っていると魔術書に書かれた魔術が使えるようになる。","2500"
"BK0244","魔術書：エンチャント闇","この魔術書を持っていると魔術書に書かれた魔術が使えるようになる。","2500"
"BK0245","魔術書：エンチャント精神","この魔術書を持っていると魔術書に書かれた魔術が使えるようになる。","2500"
"BK0246","魔術書：エンチャント水","この魔術書を持っていると魔術書に書かれた魔術が使えるようになる。","2500"
"BK0247","魔術書：五色破壊光線","この魔術書を持っていると魔術書に書かれた魔術が使えるようになる。","2500"
"BK0248","魔術書：ブラックライト破壊光線","この魔術書を持っていると魔術書に書かれた魔術が使えるようになる。","2500"
"BK0249","魔術書：ステロイド","この魔術書を持っていると魔術書に書かれた魔術が使えるようになる。","2500"
"BK0250","魔術書：偽りの肉体","この魔術書を持っていると魔術書に書かれた魔術が使えるようになる。","2500"
"BK0251","魔術書：麺料理大発見","この魔術書を持っていると魔術書に書かれた魔術が使えるようになる。","2500"
"BK0252","魔術書：タイムリープ：過去","この魔術書を持っていると魔術書に書かれた魔術が使えるようになる。","2500"
"BK0253","魔術書：タイムリープ：未来","この魔術書を持っていると魔術書に書かれた魔術が使えるようになる。","2500"
"BK0254","魔術書：安全地帯","この魔術書を持っていると魔術書に書かれた魔術が使えるようになる。","2500"
"BK0255","魔術書：先勝ち","この魔術書を持っていると魔術書に書かれた魔術が使えるようになる。","2500"
"BK0256","魔術書：後勝ち","この魔術書を持っていると魔術書に書かれた魔術が使えるようになる。","2500"
"BK0257","魔術書：タンク","この魔術書を持っていると魔術書に書かれた魔術が使えるようになる。","2500"
"BK0258","魔術書：ヘイスト","この魔術書を持っていると魔術書に書かれた魔術が使えるようになる。","2500"
"BK0259","魔術書：追加の腕","この魔術書を持っていると魔術書に書かれた魔術が使えるようになる。","2500"
"BK0260","魔術書：オカトーの独壇場","この魔術書を持っていると魔術書に書かれた魔術が使えるようになる。","2500"
"BK0261","魔術書：赤影","この魔術書を持っていると魔術書に書かれた魔術が使えるようになる。","2500"
"BK0262","魔術書：通行止め","この魔術書を持っていると魔術書に書かれた魔術が使えるようになる。","2500"
"BK0263","魔術書：分身の術","この魔術書を持っていると魔術書に書かれた魔術が使えるようになる。","2500"
"BK0264","魔術書：速足","この魔術書を持っていると魔術書に書かれた魔術が使えるようになる。","2500"
"BK0265","魔術書：トリックルーム","この魔術書を持っていると魔術書に書かれた魔術が使えるようになる。","2500"
"BK0266","魔術書：足軽","この魔術書を持っていると魔術書に書かれた魔術が使えるようになる。","2500"
"BK0267","魔術書：魔術封印","この魔術書を持っていると魔術書に書かれた魔術が使えるようになる。","2500"
"BK0268","魔術書：伝説の究極魔法","この魔術書を持っていると魔術書に書かれた魔術が使えるようになる。","2500"
"BK0269","魔術書：高速詠唱破壊光線","この魔術書を持っていると魔術書に書かれた魔術が使えるようになる。","2500"
"BK0270","魔術書：超高速詠唱破壊光線","この魔術書を持っていると魔術書に書かれた魔術が使えるようになる。","2500"
"BK0271","魔術書：偽りの記憶","この魔術書を持っていると魔術書に書かれた魔術が使えるようになる。","2500"
"BK0272","魔術書：魔力注入","この魔術書を持っていると魔術書に書かれた魔術が使えるようになる。","2500"
"BK0273","魔術書：ハレーション","この魔術書を持っていると魔術書に書かれた魔術が使えるようになる。","2500"
"BK0274","魔術書：ヘビーボンバー","この魔術書を持っていると魔術書に書かれた魔術が使えるようになる。","2500"
"BK0275","魔術書：輝きの海","この魔術書を持っていると魔術書に書かれた魔術が使えるようになる。","2500"
"BK0276","魔術書：戦闘の準備","この魔術書を持っていると魔術書に書かれた魔術が使えるようになる。","2500"
"BK0277","魔術書：二撃必殺","この魔術書を持っていると魔術書に書かれた魔術が使えるようになる。","2500"
"BK0278","魔術書：磁石","この魔術書を持っていると魔術書に書かれた魔術が使えるようになる。","2500"
"BK0279","魔術書：ぬるぽ","この魔術書を持っていると魔術書に書かれた魔術が使えるようになる。","2500"
"BK0280","魔術書：錬金爆発","この魔術書を持っていると魔術書に書かれた魔術が使えるようになる。","2500"
"BK0281","魔術書：変異","この魔術書を持っていると魔術書に書かれた魔術が使えるようになる。","2500"
"BK0282","魔術書：押し出し","この魔術書を持っていると魔術書に書かれた魔術が使えるようになる。","2500"
"BK0283","魔術書：PUSH・PUSH・PUSH！","この魔術書を持っていると魔術書に書かれた魔術が使えるようになる。","2500"
"BK0284","魔術書：裏切り","この魔術書を持っていると魔術書に書かれた魔術が使えるようになる。","2500"
"BK0285","魔術書：そば団子召喚","この魔術書を持っていると魔術書に書かれた魔術が使えるようになる。","2500"
"BK0286","魔術書：お魚召喚","この魔術書を持っていると魔術書に書かれた魔術が使えるようになる。","2500"
"BK0287","魔術書：出前そば注文","この魔術書を持っていると魔術書に書かれた魔術が使えるようになる。","2500"
"BK0288","魔術書：ガチャ","この魔術書を持っていると魔術書に書かれた魔術が使えるようになる。","2500"
"BK0289","魔術書：アポクリファ","この魔術書を持っていると魔術書に書かれた魔術が使えるようになる。","2500"
"BK0290","魔術書：赤の絨毯","この魔術書を持っていると魔術書に書かれた魔術が使えるようになる。","2500"
"BK0291","魔術書：白の絨毯","この魔術書を持っていると魔術書に書かれた魔術が使えるようになる。","2500"
"BK0292","魔術書：敵の召喚","この魔術書を持っていると魔術書に書かれた魔術が使えるようになる。","2500"
"BK0293","魔術書：セキュリティ違反","この魔術書を持っていると魔術書に書かれた魔術が使えるようになる。","2500"
"BK0294","魔術書：危険な悪戯","この魔術書を持っていると魔術書に書かれた魔術が使えるようになる。","2500"
"BK0295","魔術書：青い鳥","この魔術書を持っていると魔術書に書かれた魔術が使えるようになる。","2500"
"BK0296","魔術書：究極魔法：死滅","この魔術書を持っていると魔術書に書かれた魔術が使えるようになる。","2500"
"BK0297","魔術書：精神の退避","この魔術書を持っていると魔術書に書かれた魔術が使えるようになる。","2500"
"BK0298","魔術書：プルプルンテ","この魔術書を持っていると魔術書に書かれた魔術が使えるようになる。","2500"
"BK0299","魔術書：障害物の除去","この魔術書を持っていると魔術書に書かれた魔術が使えるようになる。","2500"
"BK0300","魔術書：破壊","この魔術書を持っていると魔術書に書かれた魔術が使えるようになる。","2500"
"BK0301","魔術書：阻止","この魔術書を持っていると魔術書に書かれた魔術が使えるようになる。","2500"
"BK0302","魔術書：アベレージ体力","この魔術書を持っていると魔術書に書かれた魔術が使えるようになる。","2500"
"BK0303","魔術書：アベレージ魔力","この魔術書を持っていると魔術書に書かれた魔術が使えるようになる。","2500"
"BK0304","魔術書：春一番","この魔術書を持っていると魔術書に書かれた魔術が使えるようになる。","2500"
"BK0305","魔術書：赤目村","この魔術書を持っていると魔術書に書かれた魔術が使えるようになる。","2500"
"BK0306","魔術書：栄養吸収","この魔術書を持っていると魔術書に書かれた魔術が使えるようになる。","2500"
"BK0307","魔術書：腐葉土","この魔術書を持っていると魔術書に書かれた魔術が使えるようになる。","2500"
"BK0308","魔術書：緑の牛","この魔術書を持っていると魔術書に書かれた魔術が使えるようになる。","2500"
"BK0309","魔術書：新緑","この魔術書を持っていると魔術書に書かれた魔術が使えるようになる。","2500"
"BK0310","魔術書：詰め込めるだけつも詰め込もうぜ","この魔術書を持っていると魔術書に書かれた魔術が使えるようになる。","2500"
"BK0311","魔術書：解除","この魔術書を持っていると魔術書に書かれた魔術が使えるようになる。","2500"
"BK0312","魔術書：鉄塊","この魔術書を持っていると魔術書に書かれた魔術が使えるようになる。","2500"
"BK0313","魔術書：みんなでデデン","この魔術書を持っていると魔術書に書かれた魔術が使えるようになる。","2500"
"BK0314","魔術書：精神吸収","この魔術書を持っていると魔術書に書かれた魔術が使えるようになる。","2500"
"BK0315","魔術書：肉体の粉砕","この魔術書を持っていると魔術書に書かれた魔術が使えるようになる。","2500"
"BK0316","魔術書：逆みんなでデデン","この魔術書を持っていると魔術書に書かれた魔術が使えるようになる。","2500"
"BK0317","魔術書：set essential 13478 0","この魔術書を持っていると魔術書に書かれた魔術が使えるようになる。","2500"
"BK0318","魔術書：行動抑止","この魔術書を持っていると魔術書に書かれた魔術が使えるようになる。","2500"
"BK0319","魔術書：封印解除","この魔術書を持っていると魔術書に書かれた魔術が使えるようになる。","2500"
"BK0320","魔術書：スリープ","この魔術書を持っていると魔術書に書かれた魔術が使えるようになる。","2500"
"BK0321","魔術書：目覚めの鐘","この魔術書を持っていると魔術書に書かれた魔術が使えるようになる。","2500"
"BK0322","魔術書：めざましドリ召喚","この魔術書を持っていると魔術書に書かれた魔術が使えるようになる。","2500"
"BK0323","魔術書：神聖七方陣","この魔術書を持っていると魔術書に書かれた魔術が使えるようになる。","2500"
"BK0324","魔術書：攻撃の方陣","この魔術書を持っていると魔術書に書かれた魔術が使えるようになる。","2500"
"BK0325","魔術書：防御の方陣","この魔術書を持っていると魔術書に書かれた魔術が使えるようになる。","2500"
"BK0326","魔術書：魔力の方陣","この魔術書を持っていると魔術書に書かれた魔術が使えるようになる。","2500"
"BK0327","魔術書：捨身","この魔術書を持っていると魔術書に書かれた魔術が使えるようになる。","2500"
"BK0328","魔術書：魔力集中","この魔術書を持っていると魔術書に書かれた魔術が使えるようになる。","2500"
"BK0329","魔術書：朱雀","この魔術書を持っていると魔術書に書かれた魔術が使えるようになる。","2500"
"BK0330","魔術書：限夢","この魔術書を持っていると魔術書に書かれた魔術が使えるようになる。","2500"
"BK0331","魔術書：無尽","この魔術書を持っていると魔術書に書かれた魔術が使えるようになる。","2500"
"BK0332","魔術書：ネギ召喚","この魔術書を持っていると魔術書に書かれた魔術が使えるようになる。","2500"
"BK0333","魔術書：蓄積","この魔術書を持っていると魔術書に書かれた魔術が使えるようになる。","2500"
"BK0334","魔術書：弱火","この魔術書を持っていると魔術書に書かれた魔術が使えるようになる。","2500"
"BK0335","魔術書：毒の方陣","この魔術書を持っていると魔術書に書かれた魔術が使えるようになる。","2500"
"BK0336","魔術書：眠りの方陣","この魔術書を持っていると魔術書に書かれた魔術が使えるようになる。","2500"
"BK0337","魔術書：麻痺の方陣","この魔術書を持っていると魔術書に書かれた魔術が使えるようになる。","2500"
"BK0338","魔術書：凍結の方陣","この魔術書を持っていると魔術書に書かれた魔術が使えるようになる。","2500"
"BK0339","魔術書：炎上の方陣","この魔術書を持っていると魔術書に書かれた魔術が使えるようになる。","2500"
"BK0340","魔術書：気絶の方陣","この魔術書を持っていると魔術書に書かれた魔術が使えるようになる。","2500"
"BK0341","魔術書：郭公のさえずり","この魔術書を持っていると魔術書に書かれた魔術が使えるようになる。","2500"
"BK0342","魔術書：マッチポンプ","この魔術書を持っていると魔術書に書かれた魔術が使えるようになる。","2500"
"BK0344","魔術書：魔法剣の召喚","この魔術書を持っていると魔術書に書かれた魔術が使えるようになる。","2500"
"BK0345","魔術書：闘魂注入","この魔術書を持っていると魔術書に書かれた魔術が使えるようになる。","2500"
"BK0346","魔術書：火の槌","この魔術書を持っていると魔術書に書かれた魔術が使えるようになる。","2500"
"BK0347","魔術書：多数決","この魔術書を持っていると魔術書に書かれた魔術が使えるようになる。","2500"
"BK0348","魔術書：少数決","この魔術書を持っていると魔術書に書かれた魔術が使えるようになる。","2500"
"BK0349","魔術書：出る杭は打たれる","この魔術書を持っていると魔術書に書かれた魔術が使えるようになる。","2500"
"BK0350","魔術書：きしむ車輪は油をさされる","この魔術書を持っていると魔術書に書かれた魔術が使えるようになる。","2500"
"BK0351","魔術書：死者の腕","この魔術書を持っていると魔術書に書かれた魔術が使えるようになる。","2500"
"BK0352","魔術書：スーパースペシャルスパゲティ（SSS)","この魔術書を持っていると魔術書に書かれた魔術が使えるようになる。","2500"
"BK0353","魔術書：勇者アリオス","この魔術書を持っていると魔術書に書かれた魔術が使えるようになる。","2500"
"BK0354","魔術書：燃える水","この魔術書を持っていると魔術書に書かれた魔術が使えるようになる。","2500"
"BK0355","魔術書：砂風呂","この魔術書を持っていると魔術書に書かれた魔術が使えるようになる。","2500"
"BK0356","魔術書：そば団子アロー","この魔術書を持っていると魔術書に書かれた魔術が使えるようになる。","2500"
"BK0357","魔術書：木の妖精","この魔術書を持っていると魔術書に書かれた魔術が使えるようになる。","2500"
"BK0358","魔術書：アルケミコーラ注文","この魔術書を持っていると魔術書に書かれた魔術が使えるようになる。","2500"
"BK0359","魔術書：アルケミコーラ業者の注文","この魔術書を持っていると魔術書に書かれた魔術が使えるようになる。","2500"
"BK0360","魔術書：アルケミコーラクアンタムグレネード","この魔術書を持っていると魔術書に書かれた魔術が使えるようになる。","2500"
"BK0361","魔術書：ゆるぎなき力","この魔術書を持っていると魔術書に書かれた魔術が使えるようになる。","2500"
"BK0362","魔術書：転換","この魔術書を持っていると魔術書に書かれた魔術が使えるようになる。","2500"
"BK0363","魔術書：FWでお金頂戴はすべて詐欺です","この魔術書を持っていると魔術書に書かれた魔術が使えるようになる。","2500"
"BK0364","魔術書：錬金雨","この魔術書を持っていると魔術書に書かれた魔術が使えるようになる。","2500"
"BK0365","魔術書：天雷","この魔術書を持っていると魔術書に書かれた魔術が使えるようになる。","2500"
"BK0366","魔術書：不動","この魔術書を持っていると魔術書に書かれた魔術が使えるようになる。","2500"
"BK0367","魔術書：魂の帰還","この魔術書を持っていると魔術書に書かれた魔術が使えるようになる。","2500"
"BK0368","魔術書：無限転生","この魔術書を持っていると魔術書に書かれた魔術が使えるようになる。","2500"
"BK0369","魔術書：割り込み","この魔術書を持っていると魔術書に書かれた魔術が使えるようになる。","2500"
"BK0370","魔術書：封印の方陣","この魔術書を持っていると魔術書に書かれた魔術が使えるようになる。","2500"
"BK0371","魔術書：血の雨","この魔術書を持っていると魔術書に書かれた魔術が使えるようになる。","2500"
"BK0372","魔術書：写本","この魔術書を持っていると魔術書に書かれた魔術が使えるようになる。","2500"
"BK0373","魔術書：生命の雫","この魔術書を持っていると魔術書に書かれた魔術が使えるようになる。","2500"
"BK0374","魔術書：死神からの手紙","この魔術書を持っていると魔術書に書かれた魔術が使えるようになる。","2500"
"BK0375","魔術書：アイスブレス","この魔術書を持っていると魔術書に書かれた魔術が使えるようになる。","2500"
"BK0376","魔術書：パラライズ","この魔術書を持っていると魔術書に書かれた魔術が使えるようになる。","2500"
"BK0377","魔術書：進捗どうですか？","この魔術書を持っていると魔術書に書かれた魔術が使えるようになる。","2500"
"BK0378","魔術書：交換しましょう","この魔術書を持っていると魔術書に書かれた魔術が使えるようになる。","2500"
"BK0379","魔術書：空間扉","この魔術書を持っていると魔術書に書かれた魔術が使えるようになる。","2500"
"BK0380","魔術書：テレポート","この魔術書を持っていると魔術書に書かれた魔術が使えるようになる。","2500"
"BK0381","魔術書：マジカルアロー","この魔術書を持っていると魔術書に書かれた魔術が使えるようになる。","2500"
"BK0382","魔術書：風林火山","この魔術書を持っていると魔術書に書かれた魔術が使えるようになる。","2500"
"BK0383","魔術書：アルケミチキン召喚","この魔術書を持っていると魔術書に書かれた魔術が使えるようになる。","2500"
"BK0384","魔術書：乙女マチルダの渾身の一撃","この魔術書を持っていると魔術書に書かれた魔術が使えるようになる。","2500"
"BK0385","魔術書：GHへの訪問","この魔術書を持っていると魔術書に書かれた魔術が使えるようになる。","2500"
"BK0386","魔術書：やどかり召喚","この魔術書を持っていると魔術書に書かれた魔術が使えるようになる。","2500"
"BK0387","魔術書：複製","この魔術書を持っていると魔術書に書かれた魔術が使えるようになる。","2500"
"BK0388","魔術書：魔法の防刃チョッキ","この魔術書を持っていると魔術書に書かれた魔術が使えるようになる。","2500"
"BK0389","魔術書：魔法のちゃんちゃんこ","この魔術書を持っていると魔術書に書かれた魔術が使えるようになる。","2500"
"BK0390","魔術書：魔法の防弾ベスト","この魔術書を持っていると魔術書に書かれた魔術が使えるようになる。","2500"
"BK0391","魔術書：フォースフィールド","この魔術書を持っていると魔術書に書かれた魔術が使えるようになる。","2500"
"BK0392","魔術書：流星群","この魔術書を持っていると魔術書に書かれた魔術が使えるようになる。","2500"
"BK0393","魔術書：それってあなたの乾燥ですよね？","この魔術書を持っていると魔術書に書かれた魔術が使えるようになる。","2500"
"BK0394","魔術書：蟻地獄","この魔術書を持っていると魔術書に書かれた魔術が使えるようになる。","2500"
"BK0395","魔術書：砂嵐","この魔術書を持っていると魔術書に書かれた魔術が使えるようになる。","2500"
"BK0396","魔術書：ゴールデンタッチ","この魔術書を持っていると魔術書に書かれた魔術が使えるようになる。","2500"
"BK0397","魔術書：金の精霊","この魔術書を持っていると魔術書に書かれた魔術が使えるようになる。","2500"
"BK0398","魔術書：不死鳥","この魔術書を持っていると魔術書に書かれた魔術が使えるようになる。","2500"
"BK0399","魔術書：火をつけろ～","この魔術書を持っていると魔術書に書かれた魔術が使えるようになる。","2500"
"BK0400","魔術書：精神分析","この魔術書を持っていると魔術書に書かれた魔術が使えるようになる。","2500"
"BK0401","魔術書：竹堤","この魔術書を持っていると魔術書に書かれた魔術が使えるようになる。","2500"
"BK0402","魔術書：堤防","この魔術書を持っていると魔術書に書かれた魔術が使えるようになる。","2500"
"BK0403","魔術書：オキナ・ザ・バンブー・カッター","この魔術書を持っていると魔術書に書かれた魔術が使えるようになる。","2500"
"BK0404","魔術書：砂塵","この魔術書を持っていると魔術書に書かれた魔術が使えるようになる。","2500"
"BK0405","魔術書：もしかして私たち！？","この魔術書を持っていると魔術書に書かれた魔術が使えるようになる。","2500"
"BK0406","魔術書：狂火","この魔術書を持っていると魔術書に書かれた魔術が使えるようになる。","2500"
"BK0407","魔術書：狂乱の渦","この魔術書を持っていると魔術書に書かれた魔術が使えるようになる。","2500"
"BK0408","魔術書：エンチャント斬撃","この魔術書を持っていると魔術書に書かれた魔術が使えるようになる。","2500"
"BK0409","魔術書：エンチャント刺突","この魔術書を持っていると魔術書に書かれた魔術が使えるようになる。","2500"
"BK0410","魔術書：エンチャント衝撃","この魔術書を持っていると魔術書に書かれた魔術が使えるようになる。","2500"
"BK0411","魔術書：柳葉","この魔術書を持っていると魔術書に書かれた魔術が使えるようになる。","2500"
"BK0412","魔術書：俺は正気に戻った！","この魔術書を持っていると魔術書に書かれた魔術が使えるようになる。","2500"
"BK0413","魔術書：ヘルカイザー","この魔術書を持っていると魔術書に書かれた魔術が使えるようになる。","2500"
"BK0414","魔術書：血しぶき","この魔術書を持っていると魔術書に書かれた魔術が使えるようになる。","2500"
"BK0415","魔術書：酸性雨","この魔術書を持っていると魔術書に書かれた魔術が使えるようになる。","2500"
"BK0416","魔術書：赤星病","この魔術書を持っていると魔術書に書かれた魔術が使えるようになる。","2500"
"BK0417","魔術書：油虫","この魔術書を持っていると魔術書に書かれた魔術が使えるようになる。","2500"
"BK0418","魔術書：浸食","この魔術書を持っていると魔術書に書かれた魔術が使えるようになる。","2500"
"BK0419","魔術書：呪い","この魔術書を持っていると魔術書に書かれた魔術が使えるようになる。","2500"
"BK0420","魔術書：ルパートの涙","この魔術書を持っていると魔術書に書かれた魔術が使えるようになる。","2500"
"BK0421","魔術書：どこでもセーブ","この魔術書を持っていると魔術書に書かれた魔術が使えるようになる。","2500"
"BK0422","魔術書：ロード","この魔術書を持っていると魔術書に書かれた魔術が使えるようになる。","2500"
"BK0423","魔術書：セーブデータの破壊","この魔術書を持っていると魔術書に書かれた魔術が使えるようになる。","2500"
"BK0424","魔術書：セーブデータの根絶","この魔術書を持っていると魔術書に書かれた魔術が使えるようになる。","2500"
"BK0425","魔術書：立枯","この魔術書を持っていると魔術書に書かれた魔術が使えるようになる。","2500"
"BK0426","魔術書：赤錆","この魔術書を持っていると魔術書に書かれた魔術が使えるようになる。","2500"
"BK0427","魔術書：崇拝","この魔術書を持っていると魔術書に書かれた魔術が使えるようになる。","2500"
"BK0428","魔術書：円陣","この魔術書を持っていると魔術書に書かれた魔術が使えるようになる。","2500"
"BK0429","魔術書：天使の輪","この魔術書を持っていると魔術書に書かれた魔術が使えるようになる。","2500"
"BK0430","魔術書：堕天使","この魔術書を持っていると魔術書に書かれた魔術が使えるようになる。","2500"
"BK0431","魔術書：金より経験","この魔術書を持っていると魔術書に書かれた魔術が使えるようになる。","2500"
"BK0432","魔術書：経験より金","この魔術書を持っていると魔術書に書かれた魔術が使えるようになる。","2500"
"BK0433","魔術書：熱による調理","この魔術書を持っていると魔術書に書かれた魔術が使えるようになる。","2500"
"BK0434","魔術書：煮沸","この魔術書を持っていると魔術書に書かれた魔術が使えるようになる。","2500"
"BK0435","魔術書：令風","この魔術書を持っていると魔術書に書かれた魔術が使えるようになる。","2500"
"BK0436","魔術書：星を見る人","この魔術書を持っていると魔術書に書かれた魔術が使えるようになる。","2500"
"BK0437","魔術書：メテオ","この魔術書を持っていると魔術書に書かれた魔術が使えるようになる。","2500"
"BK0438","魔術書：シャンブルズ","この魔術書を持っていると魔術書に書かれた魔術が使えるようになる。","2500"
"BK0439","魔術書：ごちゃまぜハリケーン","この魔術書を持っていると魔術書に書かれた魔術が使えるようになる。","2500"
"BK0440","魔術書：墓穴","この魔術書を持っていると魔術書に書かれた魔術が使えるようになる。","2500"
"BK0441","魔術書：神秘の鎧","この魔術書を持っていると魔術書に書かれた魔術が使えるようになる。","2500"
"BK0442","魔術書：内なる瞳","この魔術書を持っていると魔術書に書かれた魔術が使えるようになる。","2500"
"BK0443","魔術書：餓鬼","この魔術書を持っていると魔術書に書かれた魔術が使えるようになる。","2500"
"BK0444","魔術書：ガラクタ召喚","この魔術書を持っていると魔術書に書かれた魔術が使えるようになる。","2500"
"BK0445","魔術書：監獄","この魔術書を持っていると魔術書に書かれた魔術が使えるようになる。","2500"
"BK0446","魔術書：出所","この魔術書を持っていると魔術書に書かれた魔術が使えるようになる。","2500"
"BK0447","魔術書：駆け足！","この魔術書を持っていると魔術書に書かれた魔術が使えるようになる。","2500"
"BK0448","魔術書：ピカピ化","この魔術書を持っていると魔術書に書かれた魔術が使えるようになる。","2500"
"BK0449","魔術書：頭痛","この魔術書を持っていると魔術書に書かれた魔術が使えるようになる。","2500"
"BK0450","魔術書：やんほぬ","この魔術書を持っていると魔術書に書かれた魔術が使えるようになる。","2500"
"BK0451","魔術書：天使たちの歌","この魔術書を持っていると魔術書に書かれた魔術が使えるようになる。","2500"
"BK0452","魔術書：水銀","この魔術書を持っていると魔術書に書かれた魔術が使えるようになる。","2500"
"BK0453","魔術書：木の召喚","この魔術書を持っていると魔術書に書かれた魔術が使えるようになる。","2500"
"BK0454","魔術書：石の召喚","この魔術書を持っていると魔術書に書かれた魔術が使えるようになる。","2500"
"BK0455","魔術書：寿","この魔術書を持っていると魔術書に書かれた魔術が使えるようになる。","2500"
"BK0456","魔術書：持久戦","この魔術書を持っていると魔術書に書かれた魔術が使えるようになる。","2500"
"BK0457","魔術書：短期決戦","この魔術書を持っていると魔術書に書かれた魔術が使えるようになる。","2500"
"BK0458","魔術書：先送り","この魔術書を持っていると魔術書に書かれた魔術が使えるようになる。","2500"
"BK0459","魔術書：重量化","この魔術書を持っていると魔術書に書かれた魔術が使えるようになる。","2500"
"BK0460","魔術書：速読","この魔術書を持っていると魔術書に書かれた魔術が使えるようになる。","2500"
"BK0461","魔術書：高速詠唱","この魔術書を持っていると魔術書に書かれた魔術が使えるようになる。","2500"
"BK0462","魔術書：加速","この魔術書を持っていると魔術書に書かれた魔術が使えるようになる。","2500"
"BK0463","魔術書：ウサギとカメ","この魔術書を持っていると魔術書に書かれた魔術が使えるようになる。","2500"
"BK0464","魔術書：時の女神","この魔術書を持っていると魔術書に書かれた魔術が使えるようになる。","2500"
"BK0465","魔術書：ゴムの木","この魔術書を持っていると魔術書に書かれた魔術が使えるようになる。","2500"
"BK0466","魔術書：栄","この魔術書を持っていると魔術書に書かれた魔術が使えるようになる。","2500"
"BK0467","魔術書：一寸先は闇","この魔術書を持っていると魔術書に書かれた魔術が使えるようになる。","2500"
"BK0468","魔術書：時は金なり","この魔術書を持っていると魔術書に書かれた魔術が使えるようになる。","2500"
"BK0469","魔術書：石の上にも三年","この魔術書を持っていると魔術書に書かれた魔術が使えるようになる。","2500"
"BK0470","魔術書：破壊神のデコピン","この魔術書を持っていると魔術書に書かれた魔術が使えるようになる。","2500"
"BK0471","魔術書：魔道風","この魔術書を持っていると魔術書に書かれた魔術が使えるようになる。","2500"
"BK0472","魔術書：発破","この魔術書を持っていると魔術書に書かれた魔術が使えるようになる。","2500"
"BK0473","魔術書：箪笥の角に小指","この魔術書を持っていると魔術書に書かれた魔術が使えるようになる。","2500"
"BK0474","魔術書：平和主義者断腸の一撃","この魔術書を持っていると魔術書に書かれた魔術が使えるようになる。","2500"
"BK0475","魔術書：ランダムシードディスティニー","この魔術書を持っていると魔術書に書かれた魔術が使えるようになる。","2500"
"BK0476","魔術書：幻惑ダメージ","この魔術書を持っていると魔術書に書かれた魔術が使えるようになる。","2500"
"BK0477","魔術書：体力の低下","この魔術書を持っていると魔術書に書かれた魔術が使えるようになる。","2500"
"BK0478","魔術書：命断","この魔術書を持っていると魔術書に書かれた魔術が使えるようになる。","2500"
"BK0479","魔術書：幻惑の霧","この魔術書を持っていると魔術書に書かれた魔術が使えるようになる。","2500"
"BK0480","魔術書：ロシアンルーレット","この魔術書を持っていると魔術書に書かれた魔術が使えるようになる。","2500"
"BK0481","魔術書：オラに元気を分けてくれ！","この魔術書を持っていると魔術書に書かれた魔術が使えるようになる。","2500"
"BK0482","魔術書：痛風","この魔術書を持っていると魔術書に書かれた魔術が使えるようになる。","2500"
"BK0483","魔術書：懺悔","この魔術書を持っていると魔術書に書かれた魔術が使えるようになる。","2500"
"BK0484","魔術書：命の回収","この魔術書を持っていると魔術書に書かれた魔術が使えるようになる。","2500"
"BK0485","魔術書：どくばり","この魔術書を持っていると魔術書に書かれた魔術が使えるようになる。","2500"
"BK0486","魔術書：連続ビンタ","この魔術書を持っていると魔術書に書かれた魔術が使えるようになる。","2500"
"BK0487","魔術書：軽量合金追加","この魔術書を持っていると魔術書に書かれた魔術が使えるようになる。","2500"
"BK0488","魔術書：魔力の鎧","この魔術書を持っていると魔術書に書かれた魔術が使えるようになる。","2500"
"BK0489","魔術書：高速パンチ99連打","この魔術書を持っていると魔術書に書かれた魔術が使えるようになる。","2500"
"BK0490","魔術書：クイックボール","この魔術書を持っていると魔術書に書かれた魔術が使えるようになる。","2500"
"BK0491","魔術書：力貯め","この魔術書を持っていると魔術書に書かれた魔術が使えるようになる。","2500"
"BK0492","魔術書：絶望の大雨","この魔術書を持っていると魔術書に書かれた魔術が使えるようになる。","2500"
"BK0493","魔術書：対価","この魔術書を持っていると魔術書に書かれた魔術が使えるようになる。","2500"
"BK0494","魔術書：上位者の窓","この魔術書を持っていると魔術書に書かれた魔術が使えるようになる。","2500"
"BK0495","魔術書：散らかり放題","この魔術書を持っていると魔術書に書かれた魔術が使えるようになる。","2500"
"BK0496","魔術書：整理整頓","この魔術書を持っていると魔術書に書かれた魔術が使えるようになる。","2500"
"BK0497","魔術書：深夜の月","この魔術書を持っていると魔術書に書かれた魔術が使えるようになる。","2500"
"BK0498","魔術書：真昼の太陽","この魔術書を持っていると魔術書に書かれた魔術が使えるようになる。","2500"
"BK0499","魔術書：誉の日差し","この魔術書を持っていると魔術書に書かれた魔術が使えるようになる。","2500"
"BK0500","魔術書：誉の月明り","この魔術書を持っていると魔術書に書かれた魔術が使えるようになる。","2500"
"BK0501","魔術書：音楽の座標","この魔術書を持っていると魔術書に書かれた魔術が使えるようになる。","2500"
"BK0502","魔術書：奇襲","この魔術書を持っていると魔術書に書かれた魔術が使えるようになる。","2500"
"BK0503","魔術書：SE破棄","この魔術書を持っていると魔術書に書かれた魔術が使えるようになる。","2500"
"BK0504","魔術書：義経斬","この魔術書を持っていると魔術書に書かれた魔術が使えるようになる。","2500"
"BK0505","魔術書：博打","この魔術書を持っていると魔術書に書かれた魔術が使えるようになる。","2500"
"BK0506","魔術書：上位者の脳","この魔術書を持っていると魔術書に書かれた魔術が使えるようになる。","2500"
"BK0507","魔術書：古きもの","この魔術書を持っていると魔術書に書かれた魔術が使えるようになる。","2500"
"BK0508","魔術書：牛歩","この魔術書を持っていると魔術書に書かれた魔術が使えるようになる。","2500"
"BK0509","魔術書：世界崩壊","この魔術書を持っていると魔術書に書かれた魔術が使えるようになる。","2500"
"BK0510","魔術書：熱線","この魔術書を持っていると魔術書に書かれた魔術が使えるようになる。","2500"
"BK0511","魔術書：常闇","この魔術書を持っていると魔術書に書かれた魔術が使えるようになる。","2500"
"BK0512","魔術書：闇の牙","この魔術書を持っていると魔術書に書かれた魔術が使えるようになる。","2500"
"BK0513","魔術書：マジカルビーム","この魔術書を持っていると魔術書に書かれた魔術が使えるようになる。","2500"
"BK0514","魔術書：血の涙","この魔術書を持っていると魔術書に書かれた魔術が使えるようになる。","2500"
"BK0515","魔術書：それとチーズ！","この魔術書を持っていると魔術書に書かれた魔術が使えるようになる。","2500"
"BK0516","魔術書：レーザーカッター","この魔術書を持っていると魔術書に書かれた魔術が使えるようになる。","2500"
"BK0517","魔術書：ウォーターカッター","この魔術書を持っていると魔術書に書かれた魔術が使えるようになる。","2500"
"BK0518","魔術書：野分","この魔術書を持っていると魔術書に書かれた魔術が使えるようになる。","2500"
"BK0001","体力回復の基礎","この魔術書を持っているといくつかの魔法を利用できるようになる。","7500"
"BK0002","体力回復の応用","この魔術書を持っているといくつかの魔法を利用できるようになる。","7500"
"BK0003","神秘の術第一巻","この魔術書を持っているといくつかの魔法を利用できるようになる。","7500"
"BK0004","神秘の術第二巻","この魔術書を持っているといくつかの魔法を利用できるようになる。","7500"
"BK0005","神秘の術第三巻","この魔術書を持っているといくつかの魔法を利用できるようになる。","7500"
"BK0006","錬金魔法のすべて１","この魔術書を持っているといくつかの魔法を利用できるようになる。","7500"
"BK0007","錬金魔法のすべて２","この魔術書を持っているといくつかの魔法を利用できるようになる。","7500"
"BK0008","錬金魔法のすべて３","この魔術書を持っているといくつかの魔法を利用できるようになる。","7500"
"BK0009","錬金魔法のすべて４","この魔術書を持っているといくつかの魔法を利用できるようになる。","7500"
"BK0010","歴史上使われた破壊光線のすべて","この魔術書を持っているといくつかの魔法を利用できるようになる。","7500"
"BK0011","空気魔法その１","この魔術書を持っているといくつかの魔法を利用できるようになる。","7500"
"BK0012","空気魔法その２","この魔術書を持っているといくつかの魔法を利用できるようになる。","7500"
"BK0013","空気魔法その３","この魔術書を持っているといくつかの魔法を利用できるようになる。","7500"
"BK0014","空気魔法の戦闘への応用","この魔術書を持っているといくつかの魔法を利用できるようになる。","7500"
"BK0015","焼き焼き魔術書","この魔術書を持っているといくつかの魔法を利用できるようになる。","7500"
"BK0016","魔法による物体の加熱について","この魔術書を持っているといくつかの魔法を利用できるようになる。","7500"
"BK0017","水魔法の書","この魔術書を持っているといくつかの魔法を利用できるようになる。","7500"
"BK0018","雷魔法の書","この魔術書を持っているといくつかの魔法を利用できるようになる。","7500"
"BK0019","汎用魔術基礎","この魔術書を持っているといくつかの魔法を利用できるようになる。","7500"
"BK0020","汎用魔術応用","この魔術書を持っているといくつかの魔法を利用できるようになる。","7500"
"BK0021","上位者との交信方法１","この魔術書を持っているといくつかの魔法を利用できるようになる。","7500"
"BK0022","上位者との交信方法２","この魔術書を持っているといくつかの魔法を利用できるようになる。","7500"
"BK0023","苦しんで覚える便利魔法","この魔術書を持っているといくつかの魔法を利用できるようになる。","7500"
"BK0024","プロになる空気魔法#プロエア","この魔術書を持っているといくつかの魔法を利用できるようになる。","7500"
"BK0025","ザ・地魔法","この魔術書を持っているといくつかの魔法を利用できるようになる。","7500"
"BK0026","パーフェクト・冷気魔法","この魔術書を持っているといくつかの魔法を利用できるようになる。","7500"
"BK0027","便利！お水魔法の入門書","この魔術書を持っているといくつかの魔法を利用できるようになる。","7500"
"BK0028","カンタン炎熱の書","この魔術書を持っているといくつかの魔法を利用できるようになる。","7500"
"BK0029","闇の魔術書","この魔術書を持っているといくつかの魔法を利用できるようになる。","7500"
"BK0030","神聖魔法に関する考察","この魔術書を持っているといくつかの魔法を利用できるようになる。","7500"
"BK0031","ヤドカリでもわかる基礎魔法","この魔術書を持っているといくつかの魔法を利用できるようになる。","7500"
"BK0032","状態異常回復の技","この魔術書を持っているといくつかの魔法を利用できるようになる。","7500"
"BK0033","闇の魔術に対する防衛術","この魔術書を持っているといくつかの魔法を利用できるようになる。","7500"
