"CONDITIONID","DESC","PRIORITY"
"C_SPELLING","詠唱","0"
"C_DEFENCE","防御","1"
"C_AVOIDANCE","回避","1"
"C_ESCAPED","逃走","1"
"C_WET","湿潤","3"
"C_FLAME","炎上","3"
"C_FROZEN","凍結","3"
"C_POISON","毒","3"
"C_SLEEP","昏睡","4"
"C_WOOD","木化","5"
"C_SEAL","封印","5"
"C_PARALYS","麻痺","5"
"C_SWOON","気絶","5"
"C_CONFUSION","混乱","5"
"C_MADNESS","狂乱","5"
"C_TRUE_MADNESS","発狂","6"
"C_GOLDY","黄金化","7"
"C_CUT","切断","6"
"C_DESTROY","消滅","8"
"C_DEAD","死亡","8"
"CE0001","行動不能無期限","7"
"CE0002","行動不能高無期限","7"
"CE0003","行動不能中無期限","7"
"CE0004","行動不能低無期限","7"
"CE0005","行動不能5ターン","7"
"CE0006","行動不能高5ターン","7"
"CE0007","行動不能中5ターン","7"
"CE0008","行動不能低5ターン","7"
"CE0009","行動不能10ターン","7"
"CE0010","行動不能高10ターン","7"
"CE0011","行動不能中10ターン","7"
"CE0012","行動不能低10ターン","7"
"CE0013","防御効果高1ターン","7"
"CE0014","防御効果中1ターン","7"
"CE0015","防御効果低1ターン","7"
"CE0016","回避効果高1ターン","7"
"CE0017","回避効果中1ターン","7"
"CE0018","回避効果低1ターン","7"
"CE0019","リジェネ弱5ターン","7"
"CE0020","リジェネ中5ターン","7"
"CE0021","リジェネ強5ターン","7"
"CE0022","リジェネ弱10ターン","7"
"CE0023","リジェネ中10ターン","7"
"CE0024","リジェネ強10ターン","7"
"CE0028","スリップ弱5ターン","7"
"CE0029","スリップ中5ターン","7"
"CE0030","スリップ強5ターン","7"
"CE0031","スリップ弱10ターン","7"
"CE0032","スリップ中10ターン","7"
"CE0033","スリップ強10ターン","7"
"CE0034","毒耐性向上弱1ターン","7"
"CE0035","毒耐性向上弱5ターン","7"
"CE0036","毒耐性向上弱10ターン","7"
"CE0037","毒耐性向上中1ターン","7"
"CE0038","毒耐性向上中5ターン","7"
"CE0039","毒耐性向上中10ターン","7"
"CE0040","毒耐性向上強1ターン","7"
"CE0041","毒耐性向上強5ターン","7"
"CE0042","毒耐性向上強10ターン","7"
"CE0043","毒耐性低下弱1ターン","7"
"CE0044","毒耐性低下弱5ターン","7"
"CE0045","毒耐性低下弱10ターン","7"
"CE0046","毒耐性低下中1ターン","7"
"CE0047","毒耐性低下中5ターン","7"
"CE0048","毒耐性低下中10ターン","7"
"CE0049","毒耐性低下強1ターン","7"
"CE0050","毒耐性低下強5ターン","7"
"CE0051","毒耐性低下強10ターン","7"
"CE0052","封印耐性向上弱1ターン","7"
"CE0053","封印耐性向上弱5ターン","7"
"CE0054","封印耐性向上弱10ターン","7"
"CE0055","封印耐性向上中1ターン","7"
"CE0056","封印耐性向上中5ターン","7"
"CE0057","封印耐性向上中10ターン","7"
"CE0058","封印耐性向上強1ターン","7"
"CE0059","封印耐性向上強5ターン","7"
"CE0060","封印耐性向上強10ターン","7"
"CE0061","封印耐性低下弱1ターン","7"
"CE0062","封印耐性低下弱5ターン","7"
"CE0063","封印耐性低下弱10ターン","7"
"CE0064","封印耐性低下中1ターン","7"
"CE0065","封印耐性低下中5ターン","7"
"CE0066","封印耐性低下中10ターン","7"
"CE0067","封印耐性低下強1ターン","7"
"CE0068","封印耐性低下強5ターン","7"
"CE0069","封印耐性低下強10ターン","7"
"CE0070","切断耐性向上弱1ターン","7"
"CE0071","切断耐性向上弱5ターン","7"
"CE0072","切断耐性向上弱10ターン","7"
"CE0073","切断耐性向上中1ターン","7"
"CE0074","切断耐性向上中5ターン","7"
"CE0075","切断耐性向上中10ターン","7"
"CE0076","切断耐性向上強1ターン","7"
"CE0077","切断耐性向上強5ターン","7"
"CE0078","切断耐性向上強10ターン","7"
"CE0079","切断耐性低下弱1ターン","7"
"CE0080","切断耐性低下弱5ターン","7"
"CE0081","切断耐性低下弱10ターン","7"
"CE0082","切断耐性低下中1ターン","7"
"CE0083","切断耐性低下中5ターン","7"
"CE0084","切断耐性低下中10ターン","7"
"CE0085","切断耐性低下強1ターン","7"
"CE0086","切断耐性低下強5ターン","7"
"CE0087","切断耐性低下強10ターン","7"
"CE0088","炎上耐性向上弱1ターン","7"
"CE0089","炎上耐性向上弱5ターン","7"
"CE0090","炎上耐性向上弱10ターン","7"
"CE0091","炎上耐性向上中1ターン","7"
"CE0092","炎上耐性向上中5ターン","7"
"CE0093","炎上耐性向上中10ターン","7"
"CE0094","炎上耐性向上強1ターン","7"
"CE0095","炎上耐性向上強5ターン","7"
"CE0096","炎上耐性向上強10ターン","7"
"CE0097","炎上耐性低下弱1ターン","7"
"CE0098","炎上耐性低下弱5ターン","7"
"CE0099","炎上耐性低下弱10ターン","7"
"CE0100","炎上耐性低下中1ターン","7"
"CE0101","炎上耐性低下中5ターン","7"
"CE0102","炎上耐性低下中10ターン","7"
"CE0103","炎上耐性低下強1ターン","7"
"CE0104","炎上耐性低下強5ターン","7"
"CE0105","炎上耐性低下強10ターン","7"
"CE0106","凍結耐性向上弱1ターン","7"
"CE0107","凍結耐性向上弱5ターン","7"
"CE0108","凍結耐性向上弱10ターン","7"
"CE0109","凍結耐性向上中1ターン","7"
"CE0110","凍結耐性向上中5ターン","7"
"CE0111","凍結耐性向上中10ターン","7"
"CE0112","凍結耐性向上強1ターン","7"
"CE0113","凍結耐性向上強5ターン","7"
"CE0114","凍結耐性向上強10ターン","7"
"CE0115","凍結耐性低下弱1ターン","7"
"CE0116","凍結耐性低下弱5ターン","7"
"CE0117","凍結耐性低下弱10ターン","7"
"CE0118","凍結耐性低下中1ターン","7"
"CE0119","凍結耐性低下中5ターン","7"
"CE0120","凍結耐性低下中10ターン","7"
"CE0121","凍結耐性低下強1ターン","7"
"CE0122","凍結耐性低下強5ターン","7"
"CE0123","凍結耐性低下強10ターン","7"
"CE0124","麻痺耐性向上弱1ターン","7"
"CE0125","麻痺耐性向上弱5ターン","7"
"CE0126","麻痺耐性向上弱10ターン","7"
"CE0127","麻痺耐性向上中1ターン","7"
"CE0128","麻痺耐性向上中5ターン","7"
"CE0129","麻痺耐性向上中10ターン","7"
"CE0130","麻痺耐性向上強1ターン","7"
"CE0131","麻痺耐性向上強5ターン","7"
"CE0132","麻痺耐性向上強10ターン","7"
"CE0133","麻痺耐性低下弱1ターン","7"
"CE0134","麻痺耐性低下弱5ターン","7"
"CE0135","麻痺耐性低下弱10ターン","7"
"CE0136","麻痺耐性低下中1ターン","7"
"CE0137","麻痺耐性低下中5ターン","7"
"CE0138","麻痺耐性低下中10ターン","7"
"CE0139","麻痺耐性低下強1ターン","7"
"CE0140","麻痺耐性低下強5ターン","7"
"CE0141","麻痺耐性低下強10ターン","7"
"CE0142","昏睡耐性向上弱1ターン","7"
"CE0143","昏睡耐性向上弱5ターン","7"
"CE0144","昏睡耐性向上弱10ターン","7"
"CE0145","昏睡耐性向上中1ターン","7"
"CE0146","昏睡耐性向上中5ターン","7"
"CE0147","昏睡耐性向上中10ターン","7"
"CE0148","昏睡耐性向上強1ターン","7"
"CE0149","昏睡耐性向上強5ターン","7"
"CE0150","昏睡耐性向上強10ターン","7"
"CE0151","昏睡耐性低下弱1ターン","7"
"CE0152","昏睡耐性低下弱5ターン","7"
"CE0153","昏睡耐性低下弱10ターン","7"
"CE0154","昏睡耐性低下中1ターン","7"
"CE0155","昏睡耐性低下中5ターン","7"
"CE0156","昏睡耐性低下中10ターン","7"
"CE0157","昏睡耐性低下強1ターン","7"
"CE0158","昏睡耐性低下強5ターン","7"
"CE0159","昏睡耐性低下強10ターン","7"
"CE0160","黄金化耐性向上弱1ターン","7"
"CE0161","黄金化耐性向上弱5ターン","7"
"CE0162","黄金化耐性向上弱10ターン","7"
"CE0163","黄金化耐性向上中1ターン","7"
"CE0164","黄金化耐性向上中5ターン","7"
"CE0165","黄金化耐性向上中10ターン","7"
"CE0166","黄金化耐性向上強1ターン","7"
"CE0167","黄金化耐性向上強5ターン","7"
"CE0168","黄金化耐性向上強10ターン","7"
"CE0169","黄金化耐性低下弱1ターン","7"
"CE0170","黄金化耐性低下弱5ターン","7"
"CE0171","黄金化耐性低下弱10ターン","7"
"CE0172","黄金化耐性低下中1ターン","7"
"CE0173","黄金化耐性低下中5ターン","7"
"CE0174","黄金化耐性低下中10ターン","7"
"CE0175","黄金化耐性低下強1ターン","7"
"CE0176","黄金化耐性低下強5ターン","7"
"CE0177","黄金化耐性低下強10ターン","7"
"CE0178","混乱耐性向上弱1ターン","7"
"CE0179","混乱耐性向上弱5ターン","7"
"CE0180","混乱耐性向上弱10ターン","7"
"CE0181","混乱耐性向上中1ターン","7"
"CE0182","混乱耐性向上中5ターン","7"
"CE0183","混乱耐性向上中10ターン","7"
"CE0184","混乱耐性向上強1ターン","7"
"CE0185","混乱耐性向上強5ターン","7"
"CE0186","混乱耐性向上強10ターン","7"
"CE0187","混乱耐性低下弱1ターン","7"
"CE0188","混乱耐性低下弱5ターン","7"
"CE0189","混乱耐性低下弱10ターン","7"
"CE0190","混乱耐性低下中1ターン","7"
"CE0191","混乱耐性低下中5ターン","7"
"CE0192","混乱耐性低下中10ターン","7"
"CE0193","混乱耐性低下強1ターン","7"
"CE0194","混乱耐性低下強5ターン","7"
"CE0195","混乱耐性低下強10ターン","7"
"CE0196","狂乱耐性向上弱1ターン","7"
"CE0197","狂乱耐性向上弱5ターン","7"
"CE0198","狂乱耐性向上弱10ターン","7"
"CE0199","狂乱耐性向上中1ターン","7"
"CE0200","狂乱耐性向上中5ターン","7"
"CE0201","狂乱耐性向上中10ターン","7"
"CE0202","狂乱耐性向上強1ターン","7"
"CE0203","狂乱耐性向上強5ターン","7"
"CE0204","狂乱耐性向上強10ターン","7"
"CE0205","狂乱耐性低下弱1ターン","7"
"CE0206","狂乱耐性低下弱5ターン","7"
"CE0207","狂乱耐性低下弱10ターン","7"
"CE0208","狂乱耐性低下中1ターン","7"
"CE0209","狂乱耐性低下中5ターン","7"
"CE0210","狂乱耐性低下中10ターン","7"
"CE0211","狂乱耐性低下強1ターン","7"
"CE0212","狂乱耐性低下強5ターン","7"
"CE0213","狂乱耐性低下強10ターン","7"
"CE0214","発狂耐性向上弱1ターン","7"
"CE0215","発狂耐性向上弱5ターン","7"
"CE0216","発狂耐性向上弱10ターン","7"
"CE0217","発狂耐性向上中1ターン","7"
"CE0218","発狂耐性向上中5ターン","7"
"CE0219","発狂耐性向上中10ターン","7"
"CE0220","発狂耐性向上強1ターン","7"
"CE0221","発狂耐性向上強5ターン","7"
"CE0222","発狂耐性向上強10ターン","7"
"CE0223","発狂耐性低下弱1ターン","7"
"CE0224","発狂耐性低下弱5ターン","7"
"CE0225","発狂耐性低下弱10ターン","7"
"CE0226","発狂耐性低下中1ターン","7"
"CE0227","発狂耐性低下中5ターン","7"
"CE0228","発狂耐性低下中10ターン","7"
"CE0229","発狂耐性低下強1ターン","7"
"CE0230","発狂耐性低下強5ターン","7"
"CE0231","発狂耐性低下強10ターン","7"
"CE0232","即死耐性向上弱1ターン","7"
"CE0233","即死耐性向上弱5ターン","7"
"CE0234","即死耐性向上弱10ターン","7"
"CE0235","即死耐性向上中1ターン","7"
"CE0236","即死耐性向上中5ターン","7"
"CE0237","即死耐性向上中10ターン","7"
"CE0238","即死耐性向上強1ターン","7"
"CE0239","即死耐性向上強5ターン","7"
"CE0240","即死耐性向上強10ターン","7"
"CE0241","即死耐性低下弱1ターン","7"
"CE0242","即死耐性低下弱5ターン","7"
"CE0243","即死耐性低下弱10ターン","7"
"CE0244","即死耐性低下中1ターン","7"
"CE0245","即死耐性低下中5ターン","7"
"CE0246","即死耐性低下中10ターン","7"
"CE0247","即死耐性低下強1ターン","7"
"CE0248","即死耐性低下強5ターン","7"
"CE0249","即死耐性低下強10ターン","7"
"CE0250","気絶耐性向上弱1ターン","7"
"CE0251","気絶耐性向上弱5ターン","7"
"CE0252","気絶耐性向上弱10ターン","7"
"CE0253","気絶耐性向上中1ターン","7"
"CE0254","気絶耐性向上中5ターン","7"
"CE0255","気絶耐性向上中10ターン","7"
"CE0256","気絶耐性向上強1ターン","7"
"CE0257","気絶耐性向上強5ターン","7"
"CE0258","気絶耐性向上強10ターン","7"
"CE0259","気絶耐性低下弱1ターン","7"
"CE0260","気絶耐性低下弱5ターン","7"
"CE0261","気絶耐性低下弱10ターン","7"
"CE0262","気絶耐性低下中1ターン","7"
"CE0263","気絶耐性低下中5ターン","7"
"CE0264","気絶耐性低下中10ターン","7"
"CE0265","気絶耐性低下強1ターン","7"
"CE0266","気絶耐性低下強5ターン","7"
"CE0267","気絶耐性低下強10ターン","7"
"CE0268","木化耐性向上弱1ターン","7"
"CE0269","木化耐性向上弱5ターン","7"
"CE0270","木化耐性向上弱10ターン","7"
"CE0271","木化耐性向上中1ターン","7"
"CE0272","木化耐性向上中5ターン","7"
"CE0273","木化耐性向上中10ターン","7"
"CE0274","木化耐性向上強1ターン","7"
"CE0275","木化耐性向上強5ターン","7"
"CE0276","木化耐性向上強10ターン","7"
"CE0277","木化耐性低下弱1ターン","7"
"CE0278","木化耐性低下弱5ターン","7"
"CE0279","木化耐性低下弱10ターン","7"
"CE0280","木化耐性低下中1ターン","7"
"CE0281","木化耐性低下中5ターン","7"
"CE0282","木化耐性低下中10ターン","7"
"CE0283","木化耐性低下強1ターン","7"
"CE0284","木化耐性低下強5ターン","7"
"CE0285","木化耐性低下強10ターン","7"
"CE0286","湿潤耐性向上弱1ターン","7"
"CE0287","湿潤耐性向上弱5ターン","7"
"CE0288","湿潤耐性向上弱10ターン","7"
"CE0289","湿潤耐性向上中1ターン","7"
"CE0290","湿潤耐性向上中5ターン","7"
"CE0291","湿潤耐性向上中10ターン","7"
"CE0292","湿潤耐性向上強1ターン","7"
"CE0293","湿潤耐性向上強5ターン","7"
"CE0294","湿潤耐性向上強10ターン","7"
"CE0295","湿潤耐性低下弱1ターン","7"
"CE0296","湿潤耐性低下弱5ターン","7"
"CE0297","湿潤耐性低下弱10ターン","7"
"CE0298","湿潤耐性低下中1ターン","7"
"CE0299","湿潤耐性低下中5ターン","7"
"CE0300","湿潤耐性低下中10ターン","7"
"CE0301","湿潤耐性低下強1ターン","7"
"CE0302","湿潤耐性低下強5ターン","7"
"CE0303","湿潤耐性低下強10ターン","7"
"CE0304","消滅耐性向上弱1ターン","7"
"CE0305","消滅耐性向上弱5ターン","7"
"CE0306","消滅耐性向上弱10ターン","7"
"CE0307","消滅耐性向上中1ターン","7"
"CE0308","消滅耐性向上中5ターン","7"
"CE0309","消滅耐性向上中10ターン","7"
"CE0310","消滅耐性向上強1ターン","7"
"CE0311","消滅耐性向上強5ターン","7"
"CE0312","消滅耐性向上強10ターン","7"
"CE0313","消滅耐性低下弱1ターン","7"
"CE0314","消滅耐性低下弱5ターン","7"
"CE0315","消滅耐性低下弱10ターン","7"
"CE0316","消滅耐性低下中1ターン","7"
"CE0317","消滅耐性低下中5ターン","7"
"CE0318","消滅耐性低下中10ターン","7"
"CE0319","消滅耐性低下強1ターン","7"
"CE0320","消滅耐性低下強5ターン","7"
"CE0321","消滅耐性低下強10ターン","7"
"CE0322","体力上昇弱1ターン","7"
"CE0323","体力上昇弱5ターン","7"
"CE0324","体力上昇弱10ターン","7"
"CE0325","体力上昇中1ターン","7"
"CE0326","体力上昇中5ターン","7"
"CE0327","体力上昇中10ターン","7"
"CE0328","体力上昇強1ターン","7"
"CE0329","体力上昇強5ターン","7"
"CE0330","体力上昇強10ターン","7"
"CE0331","体力低下弱1ターン","7"
"CE0332","体力低下弱5ターン","7"
"CE0333","体力低下弱10ターン","7"
"CE0334","体力低下中1ターン","7"
"CE0335","体力低下中5ターン","7"
"CE0336","体力低下中10ターン","7"
"CE0337","体力低下強1ターン","7"
"CE0338","体力低下強5ターン","7"
"CE0339","体力低下強10ターン","7"
"CE0340","魔力上昇弱1ターン","7"
"CE0341","魔力上昇弱5ターン","7"
"CE0342","魔力上昇弱10ターン","7"
"CE0343","魔力上昇中1ターン","7"
"CE0344","魔力上昇中5ターン","7"
"CE0345","魔力上昇中10ターン","7"
"CE0346","魔力上昇強1ターン","7"
"CE0347","魔力上昇強5ターン","7"
"CE0348","魔力上昇強10ターン","7"
"CE0349","魔力低下弱1ターン","7"
"CE0350","魔力低下弱5ターン","7"
"CE0351","魔力低下弱10ターン","7"
"CE0352","魔力低下中1ターン","7"
"CE0353","魔力低下中5ターン","7"
"CE0354","魔力低下中10ターン","7"
"CE0355","魔力低下強1ターン","7"
"CE0356","魔力低下強5ターン","7"
"CE0357","魔力低下強10ターン","7"
"CE0358","筋力上昇弱1ターン","7"
"CE0359","筋力上昇弱5ターン","7"
"CE0360","筋力上昇弱10ターン","7"
"CE0361","筋力上昇中1ターン","7"
"CE0362","筋力上昇中5ターン","7"
"CE0363","筋力上昇中10ターン","7"
"CE0364","筋力上昇強1ターン","7"
"CE0365","筋力上昇強5ターン","7"
"CE0366","筋力上昇強10ターン","7"
"CE0367","筋力低下弱1ターン","7"
"CE0368","筋力低下弱5ターン","7"
"CE0369","筋力低下弱10ターン","7"
"CE0370","筋力低下中1ターン","7"
"CE0371","筋力低下中5ターン","7"
"CE0372","筋力低下中10ターン","7"
"CE0373","筋力低下強1ターン","7"
"CE0374","筋力低下強5ターン","7"
"CE0375","筋力低下強10ターン","7"
"CE0376","素早さ上昇弱1ターン","7"
"CE0377","素早さ上昇弱5ターン","7"
"CE0378","素早さ上昇弱10ターン","7"
"CE0379","素早さ上昇中1ターン","7"
"CE0380","素早さ上昇中5ターン","7"
"CE0381","素早さ上昇中10ターン","7"
"CE0382","素早さ上昇強1ターン","7"
"CE0383","素早さ上昇強5ターン","7"
"CE0384","素早さ上昇強10ターン","7"
"CE0385","素早さ低下弱1ターン","7"
"CE0386","素早さ低下弱5ターン","7"
"CE0387","素早さ低下弱10ターン","7"
"CE0388","素早さ低下中1ターン","7"
"CE0389","素早さ低下中5ターン","7"
"CE0390","素早さ低下中10ターン","7"
"CE0391","素早さ低下強1ターン","7"
"CE0392","素早さ低下強5ターン","7"
"CE0393","素早さ低下強10ターン","7"
"CE0394","器用さ上昇弱1ターン","7"
"CE0395","器用さ上昇弱5ターン","7"
"CE0396","器用さ上昇弱10ターン","7"
"CE0397","器用さ上昇中1ターン","7"
"CE0398","器用さ上昇中5ターン","7"
"CE0399","器用さ上昇中10ターン","7"
"CE0400","器用さ上昇強1ターン","7"
"CE0401","器用さ上昇強5ターン","7"
"CE0402","器用さ上昇強10ターン","7"
"CE0403","器用さ低下弱1ターン","7"
"CE0404","器用さ低下弱5ターン","7"
"CE0405","器用さ低下弱10ターン","7"
"CE0406","器用さ低下中1ターン","7"
"CE0407","器用さ低下中5ターン","7"
"CE0408","器用さ低下中10ターン","7"
"CE0409","器用さ低下強1ターン","7"
"CE0410","器用さ低下強5ターン","7"
"CE0411","器用さ低下強10ターン","7"
"CE0412","精神力上昇弱1ターン","7"
"CE0413","精神力上昇弱5ターン","7"
"CE0414","精神力上昇弱10ターン","7"
"CE0415","精神力上昇中1ターン","7"
"CE0416","精神力上昇中5ターン","7"
"CE0417","精神力上昇中10ターン","7"
"CE0418","精神力上昇強1ターン","7"
"CE0419","精神力上昇強5ターン","7"
"CE0420","精神力上昇強10ターン","7"
"CE0421","精神力低下弱1ターン","7"
"CE0422","精神力低下弱5ターン","7"
"CE0423","精神力低下弱10ターン","7"
"CE0424","精神力低下中1ターン","7"
"CE0425","精神力低下中5ターン","7"
"CE0426","精神力低下中10ターン","7"
"CE0427","精神力低下強1ターン","7"
"CE0428","精神力低下強5ターン","7"
"CE0429","精神力低下強10ターン","7"
"CE0430","正気度上昇弱1ターン","7"
"CE0431","正気度上昇弱5ターン","7"
"CE0432","正気度上昇弱10ターン","7"
"CE0433","正気度上昇中1ターン","7"
"CE0434","正気度上昇中5ターン","7"
"CE0435","正気度上昇中10ターン","7"
"CE0436","正気度上昇強1ターン","7"
"CE0437","正気度上昇強5ターン","7"
"CE0438","正気度上昇強10ターン","7"
"CE0439","正気度低下弱1ターン","7"
"CE0440","正気度低下弱5ターン","7"
"CE0441","正気度低下弱10ターン","7"
"CE0442","正気度低下中1ターン","7"
"CE0443","正気度低下中5ターン","7"
"CE0444","正気度低下中10ターン","7"
"CE0445","正気度低下強1ターン","7"
"CE0446","正気度低下強5ターン","7"
"CE0447","正気度低下強10ターン","7"
"CE0448","行動力上昇弱1ターン","7"
"CE0449","行動力上昇弱5ターン","7"
"CE0450","行動力上昇弱10ターン","7"
"CE0451","行動力上昇中1ターン","7"
"CE0452","行動力上昇中5ターン","7"
"CE0453","行動力上昇中10ターン","7"
"CE0454","行動力上昇強1ターン","7"
"CE0455","行動力上昇強5ターン","7"
"CE0456","行動力上昇強10ターン","7"
"CE0457","行動力低下弱1ターン","7"
"CE0458","行動力低下弱5ターン","7"
"CE0459","行動力低下弱10ターン","7"
"CE0460","行動力低下中1ターン","7"
"CE0461","行動力低下中5ターン","7"
"CE0462","行動力低下中10ターン","7"
"CE0463","行動力低下強1ターン","7"
"CE0464","行動力低下強5ターン","7"
"CE0465","行動力低下強10ターン","7"
"CE0466","攻撃力上昇弱1ターン","7"
"CE0467","攻撃力上昇弱5ターン","7"
"CE0468","攻撃力上昇弱10ターン","7"
"CE0469","攻撃力上昇中1ターン","7"
"CE0470","攻撃力上昇中5ターン","7"
"CE0471","攻撃力上昇中10ターン","7"
"CE0472","攻撃力上昇強1ターン","7"
"CE0473","攻撃力上昇強5ターン","7"
"CE0474","攻撃力上昇強10ターン","7"
"CE0475","攻撃力低下弱1ターン","7"
"CE0476","攻撃力低下弱5ターン","7"
"CE0477","攻撃力低下弱10ターン","7"
"CE0478","攻撃力低下中1ターン","7"
"CE0479","攻撃力低下中5ターン","7"
"CE0480","攻撃力低下中10ターン","7"
"CE0481","攻撃力低下強1ターン","7"
"CE0482","攻撃力低下強5ターン","7"
"CE0483","攻撃力低下強10ターン","7"
"CE0484","防御力上昇弱1ターン","7"
"CE0485","防御力上昇弱5ターン","7"
"CE0486","防御力上昇弱10ターン","7"
"CE0487","防御力上昇中1ターン","7"
"CE0488","防御力上昇中5ターン","7"
"CE0489","防御力上昇中10ターン","7"
"CE0490","防御力上昇強1ターン","7"
"CE0491","防御力上昇強5ターン","7"
"CE0492","防御力上昇強10ターン","7"
"CE0493","防御力低下弱1ターン","7"
"CE0494","防御力低下弱5ターン","7"
"CE0495","防御力低下弱10ターン","7"
"CE0496","防御力低下中1ターン","7"
"CE0497","防御力低下中5ターン","7"
"CE0498","防御力低下中10ターン","7"
"CE0499","防御力低下強1ターン","7"
"CE0500","防御力低下強5ターン","7"
"CE0501","防御力低下強10ターン","7"
"CE0502","物理攻撃回避率上昇弱1ターン","7"
"CE0503","物理攻撃回避率上昇弱5ターン","7"
"CE0504","物理攻撃回避率上昇弱10ターン","7"
"CE0505","物理攻撃回避率上昇中1ターン","7"
"CE0506","物理攻撃回避率上昇中5ターン","7"
"CE0507","物理攻撃回避率上昇中10ターン","7"
"CE0508","物理攻撃回避率上昇強1ターン","7"
"CE0509","物理攻撃回避率上昇強5ターン","7"
"CE0510","物理攻撃回避率上昇強10ターン","7"
"CE0511","物理攻撃回避率低下弱1ターン","7"
"CE0512","物理攻撃回避率低下弱5ターン","7"
"CE0513","物理攻撃回避率低下弱10ターン","7"
"CE0514","物理攻撃回避率低下中1ターン","7"
"CE0515","物理攻撃回避率低下中5ターン","7"
"CE0516","物理攻撃回避率低下中10ターン","7"
"CE0517","物理攻撃回避率低下強1ターン","7"
"CE0518","物理攻撃回避率低下強5ターン","7"
"CE0519","物理攻撃回避率低下強10ターン","7"
"CE0520","物理攻撃カット率上昇弱1ターン","7"
"CE0521","物理攻撃カット率上昇弱5ターン","7"
"CE0522","物理攻撃カット率上昇弱10ターン","7"
"CE0523","物理攻撃カット率上昇中1ターン","7"
"CE0524","物理攻撃カット率上昇中5ターン","7"
"CE0525","物理攻撃カット率上昇中10ターン","7"
"CE0526","物理攻撃カット率上昇強1ターン","7"
"CE0527","物理攻撃カット率上昇強5ターン","7"
"CE0528","物理攻撃カット率上昇強10ターン","7"
"CE0529","物理攻撃カット率低下弱1ターン","7"
"CE0530","物理攻撃カット率低下弱5ターン","7"
"CE0531","物理攻撃カット率低下弱10ターン","7"
"CE0532","物理攻撃カット率低下中1ターン","7"
"CE0533","物理攻撃カット率低下中5ターン","7"
"CE0534","物理攻撃カット率低下中10ターン","7"
"CE0535","物理攻撃カット率低下強1ターン","7"
"CE0536","物理攻撃カット率低下強5ターン","7"
"CE0537","物理攻撃カット率低下強10ターン","7"
"CE0538","物理クリティカル発生率上昇弱1ターン","7"
"CE0539","物理クリティカル発生率上昇弱5ターン","7"
"CE0540","物理クリティカル発生率上昇弱10ターン","7"
"CE0541","物理クリティカル発生率上昇中1ターン","7"
"CE0542","物理クリティカル発生率上昇中5ターン","7"
"CE0543","物理クリティカル発生率上昇中10ターン","7"
"CE0544","物理クリティカル発生率上昇強1ターン","7"
"CE0545","物理クリティカル発生率上昇強5ターン","7"
"CE0546","物理クリティカル発生率上昇強10ターン","7"
"CE0547","物理クリティカル発生率低下弱1ターン","7"
"CE0548","物理クリティカル発生率低下弱5ターン","7"
"CE0549","物理クリティカル発生率低下弱10ターン","7"
"CE0550","物理クリティカル発生率低下中1ターン","7"
"CE0551","物理クリティカル発生率低下中5ターン","7"
"CE0552","物理クリティカル発生率低下中10ターン","7"
"CE0553","物理クリティカル発生率低下強1ターン","7"
"CE0554","物理クリティカル発生率低下強5ターン","7"
"CE0555","物理クリティカル発生率低下強10ターン","7"
"CE0556","物理クリティカル発生時の追加割合上昇弱1ターン","7"
"CE0557","物理クリティカル発生時の追加割合上昇弱5ターン","7"
"CE0558","物理クリティカル発生時の追加割合上昇弱10ターン","7"
"CE0559","物理クリティカル発生時の追加割合上昇中1ターン","7"
"CE0560","物理クリティカル発生時の追加割合上昇中5ターン","7"
"CE0561","物理クリティカル発生時の追加割合上昇中10ターン","7"
"CE0562","物理クリティカル発生時の追加割合上昇強1ターン","7"
"CE0563","物理クリティカル発生時の追加割合上昇強5ターン","7"
"CE0564","物理クリティカル発生時の追加割合上昇強10ターン","7"
"CE0565","物理クリティカル発生時の追加割合低下弱1ターン","7"
"CE0566","物理クリティカル発生時の追加割合低下弱5ターン","7"
"CE0567","物理クリティカル発生時の追加割合低下弱10ターン","7"
"CE0568","物理クリティカル発生時の追加割合低下中1ターン","7"
"CE0569","物理クリティカル発生時の追加割合低下中5ターン","7"
"CE0570","物理クリティカル発生時の追加割合低下中10ターン","7"
"CE0571","物理クリティカル発生時の追加割合低下強1ターン","7"
"CE0572","物理クリティカル発生時の追加割合低下強5ターン","7"
"CE0573","物理クリティカル発生時の追加割合低下強10ターン","7"
"CE0574","魔法攻撃力上昇弱1ターン","7"
"CE0575","魔法攻撃力上昇弱5ターン","7"
"CE0576","魔法攻撃力上昇弱10ターン","7"
"CE0577","魔法攻撃力上昇中1ターン","7"
"CE0578","魔法攻撃力上昇中5ターン","7"
"CE0579","魔法攻撃力上昇中10ターン","7"
"CE0580","魔法攻撃力上昇強1ターン","7"
"CE0581","魔法攻撃力上昇強5ターン","7"
"CE0582","魔法攻撃力上昇強10ターン","7"
"CE0583","魔法攻撃力低下弱1ターン","7"
"CE0584","魔法攻撃力低下弱5ターン","7"
"CE0585","魔法攻撃力低下弱10ターン","7"
"CE0586","魔法攻撃力低下中1ターン","7"
"CE0587","魔法攻撃力低下中5ターン","7"
"CE0588","魔法攻撃力低下中10ターン","7"
"CE0589","魔法攻撃力低下強1ターン","7"
"CE0590","魔法攻撃力低下強5ターン","7"
"CE0591","魔法攻撃力低下強10ターン","7"
"CE0592","魔法防御力上昇弱1ターン","7"
"CE0593","魔法防御力上昇弱5ターン","7"
"CE0594","魔法防御力上昇弱10ターン","7"
"CE0595","魔法防御力上昇中1ターン","7"
"CE0596","魔法防御力上昇中5ターン","7"
"CE0597","魔法防御力上昇中10ターン","7"
"CE0598","魔法防御力上昇強1ターン","7"
"CE0599","魔法防御力上昇強5ターン","7"
"CE0600","魔法防御力上昇強10ターン","7"
"CE0601","魔法防御力低下弱1ターン","7"
"CE0602","魔法防御力低下弱5ターン","7"
"CE0603","魔法防御力低下弱10ターン","7"
"CE0604","魔法防御力低下中1ターン","7"
"CE0605","魔法防御力低下中5ターン","7"
"CE0606","魔法防御力低下中10ターン","7"
"CE0607","魔法防御力低下強1ターン","7"
"CE0608","魔法防御力低下強5ターン","7"
"CE0609","魔法防御力低下強10ターン","7"
"CE0610","魔法攻撃回避率上昇弱1ターン","7"
"CE0611","魔法攻撃回避率上昇弱5ターン","7"
"CE0612","魔法攻撃回避率上昇弱10ターン","7"
"CE0613","魔法攻撃回避率上昇中1ターン","7"
"CE0614","魔法攻撃回避率上昇中5ターン","7"
"CE0615","魔法攻撃回避率上昇中10ターン","7"
"CE0616","魔法攻撃回避率上昇強1ターン","7"
"CE0617","魔法攻撃回避率上昇強5ターン","7"
"CE0618","魔法攻撃回避率上昇強10ターン","7"
"CE0619","魔法攻撃回避率低下弱1ターン","7"
"CE0620","魔法攻撃回避率低下弱5ターン","7"
"CE0621","魔法攻撃回避率低下弱10ターン","7"
"CE0622","魔法攻撃回避率低下中1ターン","7"
"CE0623","魔法攻撃回避率低下中5ターン","7"
"CE0624","魔法攻撃回避率低下中10ターン","7"
"CE0625","魔法攻撃回避率低下強1ターン","7"
"CE0626","魔法攻撃回避率低下強5ターン","7"
"CE0627","魔法攻撃回避率低下強10ターン","7"
"CE0628","魔法攻撃カット率上昇弱1ターン","7"
"CE0629","魔法攻撃カット率上昇弱5ターン","7"
"CE0630","魔法攻撃カット率上昇弱10ターン","7"
"CE0631","魔法攻撃カット率上昇中1ターン","7"
"CE0632","魔法攻撃カット率上昇中5ターン","7"
"CE0633","魔法攻撃カット率上昇中10ターン","7"
"CE0634","魔法攻撃カット率上昇強1ターン","7"
"CE0635","魔法攻撃カット率上昇強5ターン","7"
"CE0636","魔法攻撃カット率上昇強10ターン","7"
"CE0637","魔法攻撃カット率低下弱1ターン","7"
"CE0638","魔法攻撃カット率低下弱5ターン","7"
"CE0639","魔法攻撃カット率低下弱10ターン","7"
"CE0640","魔法攻撃カット率低下中1ターン","7"
"CE0641","魔法攻撃カット率低下中5ターン","7"
"CE0642","魔法攻撃カット率低下中10ターン","7"
"CE0643","魔法攻撃カット率低下強1ターン","7"
"CE0644","魔法攻撃カット率低下強5ターン","7"
"CE0645","魔法攻撃カット率低下強10ターン","7"
"CE0646","魔法ダメージカット時の減少割合上昇弱1ターン","7"
"CE0647","魔法ダメージカット時の減少割合上昇弱5ターン","7"
"CE0648","魔法ダメージカット時の減少割合上昇弱10ターン","7"
"CE0649","魔法ダメージカット時の減少割合上昇中1ターン","7"
"CE0650","魔法ダメージカット時の減少割合上昇中5ターン","7"
"CE0651","魔法ダメージカット時の減少割合上昇中10ターン","7"
"CE0652","魔法ダメージカット時の減少割合上昇強1ターン","7"
"CE0653","魔法ダメージカット時の減少割合上昇強5ターン","7"
"CE0654","魔法ダメージカット時の減少割合上昇強10ターン","7"
"CE0655","魔法ダメージカット時の減少割合低下弱1ターン","7"
"CE0656","魔法ダメージカット時の減少割合低下弱5ターン","7"
"CE0657","魔法ダメージカット時の減少割合低下弱10ターン","7"
"CE0658","魔法ダメージカット時の減少割合低下中1ターン","7"
"CE0659","魔法ダメージカット時の減少割合低下中5ターン","7"
"CE0660","魔法ダメージカット時の減少割合低下中10ターン","7"
"CE0661","魔法ダメージカット時の減少割合低下強1ターン","7"
"CE0662","魔法ダメージカット時の減少割合低下強5ターン","7"
"CE0663","魔法ダメージカット時の減少割合低下強10ターン","7"
"CE0664","魔法クリティカル発生率上昇弱1ターン","7"
"CE0665","魔法クリティカル発生率上昇弱5ターン","7"
"CE0666","魔法クリティカル発生率上昇弱10ターン","7"
"CE0667","魔法クリティカル発生率上昇中1ターン","7"
"CE0668","魔法クリティカル発生率上昇中5ターン","7"
"CE0669","魔法クリティカル発生率上昇中10ターン","7"
"CE0670","魔法クリティカル発生率上昇強1ターン","7"
"CE0671","魔法クリティカル発生率上昇強5ターン","7"
"CE0672","魔法クリティカル発生率上昇強10ターン","7"
"CE0673","魔法クリティカル発生率低下弱1ターン","7"
"CE0674","魔法クリティカル発生率低下弱5ターン","7"
"CE0675","魔法クリティカル発生率低下弱10ターン","7"
"CE0676","魔法クリティカル発生率低下中1ターン","7"
"CE0677","魔法クリティカル発生率低下中5ターン","7"
"CE0678","魔法クリティカル発生率低下中10ターン","7"
"CE0679","魔法クリティカル発生率低下強1ターン","7"
"CE0680","魔法クリティカル発生率低下強5ターン","7"
"CE0681","魔法クリティカル発生率低下強10ターン","7"
"CE0682","魔法クリティカル発生時の追加割合上昇弱1ターン","7"
"CE0683","魔法クリティカル発生時の追加割合上昇弱5ターン","7"
"CE0684","魔法クリティカル発生時の追加割合上昇弱10ターン","7"
"CE0685","魔法クリティカル発生時の追加割合上昇中1ターン","7"
"CE0686","魔法クリティカル発生時の追加割合上昇中5ターン","7"
"CE0687","魔法クリティカル発生時の追加割合上昇中10ターン","7"
"CE0688","魔法クリティカル発生時の追加割合上昇強1ターン","7"
"CE0689","魔法クリティカル発生時の追加割合上昇強5ターン","7"
"CE0690","魔法クリティカル発生時の追加割合上昇強10ターン","7"
"CE0691","魔法クリティカル発生時の追加割合低下弱1ターン","7"
"CE0692","魔法クリティカル発生時の追加割合低下弱5ターン","7"
"CE0693","魔法クリティカル発生時の追加割合低下弱10ターン","7"
"CE0694","魔法クリティカル発生時の追加割合低下中1ターン","7"
"CE0695","魔法クリティカル発生時の追加割合低下中5ターン","7"
"CE0696","魔法クリティカル発生時の追加割合低下中10ターン","7"
"CE0697","魔法クリティカル発生時の追加割合低下強1ターン","7"
"CE0698","魔法クリティカル発生時の追加割合低下強5ターン","7"
"CE0699","魔法クリティカル発生時の追加割合低下強10ターン","7"
"CE0700","斬撃耐性上昇弱1ターン","7"
"CE0701","斬撃耐性上昇弱5ターン","7"
"CE0702","斬撃耐性上昇弱10ターン","7"
"CE0703","斬撃耐性上昇中1ターン","7"
"CE0704","斬撃耐性上昇中5ターン","7"
"CE0705","斬撃耐性上昇中10ターン","7"
"CE0706","斬撃耐性上昇強1ターン","7"
"CE0707","斬撃耐性上昇強5ターン","7"
"CE0708","斬撃耐性上昇強10ターン","7"
"CE0709","斬撃耐性低下弱1ターン","7"
"CE0710","斬撃耐性低下弱5ターン","7"
"CE0711","斬撃耐性低下弱10ターン","7"
"CE0712","斬撃耐性低下中1ターン","7"
"CE0713","斬撃耐性低下中5ターン","7"
"CE0714","斬撃耐性低下中10ターン","7"
"CE0715","斬撃耐性低下強1ターン","7"
"CE0716","斬撃耐性低下強5ターン","7"
"CE0717","斬撃耐性低下強10ターン","7"
"CE0718","刺突耐性上昇弱1ターン","7"
"CE0719","刺突耐性上昇弱5ターン","7"
"CE0720","刺突耐性上昇弱10ターン","7"
"CE0721","刺突耐性上昇中1ターン","7"
"CE0722","刺突耐性上昇中5ターン","7"
"CE0723","刺突耐性上昇中10ターン","7"
"CE0724","刺突耐性上昇強1ターン","7"
"CE0725","刺突耐性上昇強5ターン","7"
"CE0726","刺突耐性上昇強10ターン","7"
"CE0727","刺突耐性低下弱1ターン","7"
"CE0728","刺突耐性低下弱5ターン","7"
"CE0729","刺突耐性低下弱10ターン","7"
"CE0730","刺突耐性低下中1ターン","7"
"CE0731","刺突耐性低下中5ターン","7"
"CE0732","刺突耐性低下中10ターン","7"
"CE0733","刺突耐性低下強1ターン","7"
"CE0734","刺突耐性低下強5ターン","7"
"CE0735","刺突耐性低下強10ターン","7"
"CE0736","衝撃耐性上昇弱1ターン","7"
"CE0737","衝撃耐性上昇弱5ターン","7"
"CE0738","衝撃耐性上昇弱10ターン","7"
"CE0739","衝撃耐性上昇中1ターン","7"
"CE0740","衝撃耐性上昇中5ターン","7"
"CE0741","衝撃耐性上昇中10ターン","7"
"CE0742","衝撃耐性上昇強1ターン","7"
"CE0743","衝撃耐性上昇強5ターン","7"
"CE0744","衝撃耐性上昇強10ターン","7"
"CE0745","衝撃耐性低下弱1ターン","7"
"CE0746","衝撃耐性低下弱5ターン","7"
"CE0747","衝撃耐性低下弱10ターン","7"
"CE0748","衝撃耐性低下中1ターン","7"
"CE0749","衝撃耐性低下中5ターン","7"
"CE0750","衝撃耐性低下中10ターン","7"
"CE0751","衝撃耐性低下強1ターン","7"
"CE0752","衝撃耐性低下強5ターン","7"
"CE0753","衝撃耐性低下強10ターン","7"
"CE0754","炎耐性上昇弱1ターン","7"
"CE0755","炎耐性上昇弱5ターン","7"
"CE0756","炎耐性上昇弱10ターン","7"
"CE0757","炎耐性上昇中1ターン","7"
"CE0758","炎耐性上昇中5ターン","7"
"CE0759","炎耐性上昇中10ターン","7"
"CE0760","炎耐性上昇強1ターン","7"
"CE0761","炎耐性上昇強5ターン","7"
"CE0762","炎耐性上昇強10ターン","7"
"CE0763","炎耐性低下弱1ターン","7"
"CE0764","炎耐性低下弱5ターン","7"
"CE0765","炎耐性低下弱10ターン","7"
"CE0766","炎耐性低下中1ターン","7"
"CE0767","炎耐性低下中5ターン","7"
"CE0768","炎耐性低下中10ターン","7"
"CE0769","炎耐性低下強1ターン","7"
"CE0770","炎耐性低下強5ターン","7"
"CE0771","炎耐性低下強10ターン","7"
"CE0772","冷気耐性上昇弱1ターン","7"
"CE0773","冷気耐性上昇弱5ターン","7"
"CE0774","冷気耐性上昇弱10ターン","7"
"CE0775","冷気耐性上昇中1ターン","7"
"CE0776","冷気耐性上昇中5ターン","7"
"CE0777","冷気耐性上昇中10ターン","7"
"CE0778","冷気耐性上昇強1ターン","7"
"CE0779","冷気耐性上昇強5ターン","7"
"CE0780","冷気耐性上昇強10ターン","7"
"CE0781","冷気耐性低下弱1ターン","7"
"CE0782","冷気耐性低下弱5ターン","7"
"CE0783","冷気耐性低下弱10ターン","7"
"CE0784","冷気耐性低下中1ターン","7"
"CE0785","冷気耐性低下中5ターン","7"
"CE0786","冷気耐性低下中10ターン","7"
"CE0787","冷気耐性低下強1ターン","7"
"CE0788","冷気耐性低下強5ターン","7"
"CE0789","冷気耐性低下強10ターン","7"
"CE0790","水耐性上昇弱1ターン","7"
"CE0791","水耐性上昇弱5ターン","7"
"CE0792","水耐性上昇弱10ターン","7"
"CE0793","水耐性上昇中1ターン","7"
"CE0794","水耐性上昇中5ターン","7"
"CE0795","水耐性上昇中10ターン","7"
"CE0796","水耐性上昇強1ターン","7"
"CE0797","水耐性上昇強5ターン","7"
"CE0798","水耐性上昇強10ターン","7"
"CE0799","水耐性低下弱1ターン","7"
"CE0800","水耐性低下弱5ターン","7"
"CE0801","水耐性低下弱10ターン","7"
"CE0802","水耐性低下中1ターン","7"
"CE0803","水耐性低下中5ターン","7"
"CE0804","水耐性低下中10ターン","7"
"CE0805","水耐性低下強1ターン","7"
"CE0806","水耐性低下強5ターン","7"
"CE0807","水耐性低下強10ターン","7"
"CE0808","雷耐性上昇弱1ターン","7"
"CE0809","雷耐性上昇弱5ターン","7"
"CE0810","雷耐性上昇弱10ターン","7"
"CE0811","雷耐性上昇中1ターン","7"
"CE0812","雷耐性上昇中5ターン","7"
"CE0813","雷耐性上昇中10ターン","7"
"CE0814","雷耐性上昇強1ターン","7"
"CE0815","雷耐性上昇強5ターン","7"
"CE0816","雷耐性上昇強10ターン","7"
"CE0817","雷耐性低下弱1ターン","7"
"CE0818","雷耐性低下弱5ターン","7"
"CE0819","雷耐性低下弱10ターン","7"
"CE0820","雷耐性低下中1ターン","7"
"CE0821","雷耐性低下中5ターン","7"
"CE0822","雷耐性低下中10ターン","7"
"CE0823","雷耐性低下強1ターン","7"
"CE0824","雷耐性低下強5ターン","7"
"CE0825","雷耐性低下強10ターン","7"
"CE0826","空気耐性上昇弱1ターン","7"
"CE0827","空気耐性上昇弱5ターン","7"
"CE0828","空気耐性上昇弱10ターン","7"
"CE0829","空気耐性上昇中1ターン","7"
"CE0830","空気耐性上昇中5ターン","7"
"CE0831","空気耐性上昇中10ターン","7"
"CE0832","空気耐性上昇強1ターン","7"
"CE0833","空気耐性上昇強5ターン","7"
"CE0834","空気耐性上昇強10ターン","7"
"CE0835","空気耐性低下弱1ターン","7"
"CE0836","空気耐性低下弱5ターン","7"
"CE0837","空気耐性低下弱10ターン","7"
"CE0838","空気耐性低下中1ターン","7"
"CE0839","空気耐性低下中5ターン","7"
"CE0840","空気耐性低下中10ターン","7"
"CE0841","空気耐性低下強1ターン","7"
"CE0842","空気耐性低下強5ターン","7"
"CE0843","空気耐性低下強10ターン","7"
"CE0844","地耐性上昇弱1ターン","7"
"CE0845","地耐性上昇弱5ターン","7"
"CE0846","地耐性上昇弱10ターン","7"
"CE0847","地耐性上昇中1ターン","7"
"CE0848","地耐性上昇中5ターン","7"
"CE0849","地耐性上昇中10ターン","7"
"CE0850","地耐性上昇強1ターン","7"
"CE0851","地耐性上昇強5ターン","7"
"CE0852","地耐性上昇強10ターン","7"
"CE0853","地耐性低下弱1ターン","7"
"CE0854","地耐性低下弱5ターン","7"
"CE0855","地耐性低下弱10ターン","7"
"CE0856","地耐性低下中1ターン","7"
"CE0857","地耐性低下中5ターン","7"
"CE0858","地耐性低下中10ターン","7"
"CE0859","地耐性低下強1ターン","7"
"CE0860","地耐性低下強5ターン","7"
"CE0861","地耐性低下強10ターン","7"
"CE0862","光耐性上昇弱1ターン","7"
"CE0863","光耐性上昇弱5ターン","7"
"CE0864","光耐性上昇弱10ターン","7"
"CE0865","光耐性上昇中1ターン","7"
"CE0866","光耐性上昇中5ターン","7"
"CE0867","光耐性上昇中10ターン","7"
"CE0868","光耐性上昇強1ターン","7"
"CE0869","光耐性上昇強5ターン","7"
"CE0870","光耐性上昇強10ターン","7"
"CE0871","光耐性低下弱1ターン","7"
"CE0872","光耐性低下弱5ターン","7"
"CE0873","光耐性低下弱10ターン","7"
"CE0874","光耐性低下中1ターン","7"
"CE0875","光耐性低下中5ターン","7"
"CE0876","光耐性低下中10ターン","7"
"CE0877","光耐性低下強1ターン","7"
"CE0878","光耐性低下強5ターン","7"
"CE0879","光耐性低下強10ターン","7"
"CE0880","闇耐性上昇弱1ターン","7"
"CE0881","闇耐性上昇弱5ターン","7"
"CE0882","闇耐性上昇弱10ターン","7"
"CE0883","闇耐性上昇中1ターン","7"
"CE0884","闇耐性上昇中5ターン","7"
"CE0885","闇耐性上昇中10ターン","7"
"CE0886","闇耐性上昇強1ターン","7"
"CE0887","闇耐性上昇強5ターン","7"
"CE0888","闇耐性上昇強10ターン","7"
"CE0889","闇耐性低下弱1ターン","7"
"CE0890","闇耐性低下弱5ターン","7"
"CE0891","闇耐性低下弱10ターン","7"
"CE0892","闇耐性低下中1ターン","7"
"CE0893","闇耐性低下中5ターン","7"
"CE0894","闇耐性低下中10ターン","7"
"CE0895","闇耐性低下強1ターン","7"
"CE0896","闇耐性低下強5ターン","7"
"CE0897","神秘耐性上昇弱1ターン","7"
"CE0898","神秘耐性上昇弱5ターン","7"
"CE0899","神秘耐性上昇弱10ターン","7"
"CE0900","神秘耐性上昇中1ターン","7"
"CE0901","神秘耐性上昇中5ターン","7"
"CE0902","神秘耐性上昇中10ターン","7"
"CE0903","神秘耐性上昇強1ターン","7"
"CE0904","神秘耐性上昇強5ターン","7"
"CE0905","神秘耐性上昇強10ターン","7"
"CE0906","神秘耐性低下弱1ターン","7"
"CE0907","神秘耐性低下弱5ターン","7"
"CE0908","神秘耐性低下弱10ターン","7"
"CE0909","神秘耐性低下中1ターン","7"
"CE0910","神秘耐性低下中5ターン","7"
"CE0911","神秘耐性低下中10ターン","7"
"CE0912","神秘耐性低下強1ターン","7"
"CE0913","神秘耐性低下強5ターン","7"
"CE0914","神秘耐性低下強10ターン","7"
"CE0915","錬金耐性上昇弱1ターン","7"
"CE0916","錬金耐性上昇弱5ターン","7"
"CE0917","錬金耐性上昇弱10ターン","7"
"CE0918","錬金耐性上昇中1ターン","7"
"CE0919","錬金耐性上昇中5ターン","7"
"CE0920","錬金耐性上昇中10ターン","7"
"CE0921","錬金耐性上昇強1ターン","7"
"CE0922","錬金耐性上昇強5ターン","7"
"CE0923","錬金耐性上昇強10ターン","7"
"CE0924","錬金耐性低下弱1ターン","7"
"CE0925","錬金耐性低下弱5ターン","7"
"CE0926","錬金耐性低下弱10ターン","7"
"CE0927","錬金耐性低下中1ターン","7"
"CE0928","錬金耐性低下中5ターン","7"
"CE0929","錬金耐性低下中10ターン","7"
"CE0930","錬金耐性低下強1ターン","7"
"CE0931","錬金耐性低下強5ターン","7"
"CE0932","錬金耐性低下強10ターン","7"
"CE0933","精神耐性上昇弱1ターン","7"
"CE0934","精神耐性上昇弱5ターン","7"
"CE0935","精神耐性上昇弱10ターン","7"
"CE0936","精神耐性上昇中1ターン","7"
"CE0937","精神耐性上昇中5ターン","7"
"CE0938","精神耐性上昇中10ターン","7"
"CE0939","精神耐性上昇強1ターン","7"
"CE0940","精神耐性上昇強5ターン","7"
"CE0941","精神耐性上昇強10ターン","7"
"CE0942","精神耐性低下弱1ターン","7"
"CE0943","精神耐性低下弱5ターン","7"
"CE0944","精神耐性低下弱10ターン","7"
"CE0945","精神耐性低下中1ターン","7"
"CE0946","精神耐性低下中5ターン","7"
"CE0947","精神耐性低下中10ターン","7"
"CE0948","精神耐性低下強1ターン","7"
"CE0949","精神耐性低下強5ターン","7"
"CE0950","精神耐性低下強10ターン","7"
"CE0951","時空耐性上昇弱1ターン","7"
"CE0952","時空耐性上昇弱5ターン","7"
"CE0953","時空耐性上昇弱10ターン","7"
"CE0954","時空耐性上昇中1ターン","7"
"CE0955","時空耐性上昇中5ターン","7"
"CE0956","時空耐性上昇中10ターン","7"
"CE0957","時空耐性上昇強1ターン","7"
"CE0958","時空耐性上昇強5ターン","7"
"CE0959","時空耐性上昇強10ターン","7"
"CE0960","時空耐性低下弱1ターン","7"
"CE0961","時空耐性低下弱5ターン","7"
"CE0962","時空耐性低下弱10ターン","7"
"CE0963","時空耐性低下中1ターン","7"
"CE0964","時空耐性低下中5ターン","7"
"CE0965","時空耐性低下中10ターン","7"
"CE0966","時空耐性低下強1ターン","7"
"CE0967","時空耐性低下強5ターン","7"
"CE0968","時空耐性低下強10ターン","7"
"CE0969","混乱1ターン","7"
"CE0970","混乱5ターン","7"
"CE0971","混乱10ターン","7"
"CE0972","炎上付与低","7"
"CE0973","炎上付与中","7"
"CE0974","炎上付与高","7"
"CE0975","毒付与低","7"
"CE0976","毒付与中","7"
"CE0977","毒付与高","7"
"CE0978","封印付与低","7"
"CE0979","封印付与中","7"
"CE0980","封印付与高","7"
"CE0981","切断付与低","7"
"CE0982","切断付与中","7"
"CE0983","切断付与高","7"
"CE0984","凍結付与低","7"
"CE0985","凍結付与中","7"
"CE0986","凍結付与高","7"
"CE0987","麻痺付与低","7"
"CE0988","麻痺付与中","7"
"CE0989","麻痺付与高","7"
"CE0990","昏睡付与低","7"
"CE0991","昏睡付与中","7"
"CE0992","昏睡付与高","7"
"CE0993","黄金付与低","7"
"CE0994","黄金付与中","7"
"CE0995","黄金付与高","7"
"CE0996","混乱付与低","7"
"CE0997","混乱付与中","7"
"CE0998","混乱付与高","7"
"CE0999","狂乱付与低","7"
"CE1000","狂乱付与中","7"
"CE1001","狂乱付与高","7"
"CE1002","発狂付与低","7"
"CE1003","発狂付与中","7"
